{
  "version": "5.2.1",
  "flags": {},
  "shapes": [
    {
      "label": "cat_10",
      "points": [
        [
          56.3111888111888,
          66.60839160839161
        ],
        [
          334.0,
          356.8559932529782
        ]
      ],
      "group_id": null,
      "description": "",
      "shape_type": "rectangle",
      "flags": {}
    }
  ],
  "imagePath": "..\\cat_12_train_result\\cat_10_109.jpg",
  "imageData": null,
  "imageHeight": 500,
  "imageWidth": 335
}