{
  "version": "5.2.1",
  "flags": {},
  "shapes": [
    {
      "label": "cat_0",
      "points": [
        [
          276.14795918367344,
          42.72959183673469
        ],
        [
          362.88265306122446,
          139.41326530612247
        ]
      ],
      "group_id": null,
      "description": "",
      "shape_type": "rectangle",
      "flags": {}
    }
  ],
  "imagePath": "..\\cat_12_train_result\\cat_0_120.jpg",
  "imageData": null,
  "imageHeight": 300,
  "imageWidth": 450
}