{
  "version": "5.2.1",
  "flags": {},
  "shapes": [
    {
      "label": "cat_1",
      "points": [
        [
          144.84265734265733,
          137.93706293706296
        ],
        [
          311.62587412587413,
          276.04895104895104
        ]
      ],
      "group_id": null,
      "description": "",
      "shape_type": "rectangle",
      "flags": {}
    }
  ],
  "imagePath": "..\\cat_12_train_result\\cat_1_146.jpg",
  "imageData": null,
  "imageHeight": 500,
  "imageWidth": 375
}