{
  "version": "5.2.1",
  "flags": {},
  "shapes": [
    {
      "label": "cat_10",
      "points": [
        [
          50.30303030303033,
          65.63636363636364
        ],
        [
          270.6060606060606,
          271.09090909090907
        ]
      ],
      "group_id": null,
      "description": "",
      "shape_type": "rectangle",
      "flags": {}
    }
  ],
  "imagePath": "..\\cat_12_train_result\\cat_10_152.jpg",
  "imageData": null,
  "imageHeight": 434,
  "imageWidth": 500
}