{
  "version": "5.2.1",
  "flags": {},
  "shapes": [
    {
      "label": "cat_1",
      "points": [
        [
          17.830882352941195,
          135.0845588235294
        ],
        [
          92.2794117647059,
          205.3051470588235
        ]
      ],
      "group_id": null,
      "description": "",
      "shape_type": "rectangle",
      "flags": {}
    }
  ],
  "imagePath": "..\\cat_12_train_result\\cat_1_41.jpg",
  "imageData": null,
  "imageHeight": 263,
  "imageWidth": 300
}