{
  "version": "5.2.1",
  "flags": {},
  "shapes": [
    {
      "label": "cat_0",
      "points": [
        [
          188.252427184466,
          18.320388349514566
        ],
        [
          291.1650485436893,
          105.89320388349515
        ]
      ],
      "group_id": null,
      "description": "",
      "shape_type": "rectangle",
      "flags": {}
    }
  ],
  "imagePath": "..\\cat_12_train_result\\cat_0_22.jpg",
  "imageData": null,
  "imageHeight": 278,
  "imageWidth": 300
}