{
  "version": "5.2.1",
  "flags": {},
  "shapes": [
    {
      "label": "cat_1",
      "points": [
        [
          98.71060171919771,
          92.71776504297995
        ],
        [
          396.13180515759313,
          290.1389684813754
        ]
      ],
      "group_id": null,
      "description": "",
      "shape_type": "rectangle",
      "flags": {}
    }
  ],
  "imagePath": "..\\cat_12_train_result\\cat_1_49.jpg",
  "imageData": null,
  "imageHeight": 333,
  "imageWidth": 500
}