{
  "version": "5.2.1",
  "flags": {},
  "shapes": [
    {
      "label": "cat_0",
      "points": [
        [
          167.22027972027973,
          117.65734265734267
        ],
        [
          374.0,
          311.8838252809585
        ]
      ],
      "group_id": null,
      "description": "",
      "shape_type": "rectangle",
      "flags": {}
    }
  ],
  "imagePath": "..\\cat_12_train_result\\cat_0_173.jpg",
  "imageData": null,
  "imageHeight": 500,
  "imageWidth": 375
}