{
  "version": "5.2.1",
  "flags": {},
  "shapes": [
    {
      "label": "cat_1",
      "points": [
        [
          46.90721649484536,
          55.92783505154638
        ],
        [
          110.30927835051546,
          113.8316151202749
        ]
      ],
      "group_id": null,
      "description": "",
      "shape_type": "rectangle",
      "flags": {}
    }
  ],
  "imagePath": "..\\cat_12_train_result\\cat_1_33.jpg",
  "imageData": null,
  "imageHeight": 200,
  "imageWidth": 300
}