{
  "version": "5.2.1",
  "flags": {},
  "shapes": [
    {
      "label": "cat_10",
      "points": [
        [
          89.82808022922636,
          7.127507163323781
        ],
        [
          296.9914040114613,
          201.3968481375358
        ]
      ],
      "group_id": null,
      "description": "",
      "shape_type": "rectangle",
      "flags": {}
    }
  ],
  "imagePath": "..\\cat_12_train_result\\cat_10_139.jpg",
  "imageData": null,
  "imageHeight": 375,
  "imageWidth": 500
}