{
  "version": "5.2.1",
  "flags": {},
  "shapes": [
    {
      "label": "cat_0",
      "points": [
        [
          214.70588235294116,
          74.92245989304814
        ],
        [
          356.6844919786096,
          165.29679144385028
        ]
      ],
      "group_id": null,
      "description": "",
      "shape_type": "rectangle",
      "flags": {}
    }
  ],
  "imagePath": "..\\cat_12_train_result\\cat_0_40.jpg",
  "imageData": null,
  "imageHeight": 333,
  "imageWidth": 500
}