{
  "version": "5.2.1",
  "flags": {},
  "shapes": [
    {
      "label": "cat_10",
      "points": [
        [
          87.2852233676976,
          13.288659793814437
        ],
        [
          240.2061855670103,
          150.05841924398624
        ]
      ],
      "group_id": null,
      "description": "",
      "shape_type": "rectangle",
      "flags": {}
    }
  ],
  "imagePath": "..\\cat_12_train_result\\cat_10_100.jpg",
  "imageData": null,
  "imageHeight": 224,
  "imageWidth": 300
}