{
  "version": "5.2.1",
  "flags": {},
  "shapes": [
    {
      "label": "cat_10",
      "points": [
        [
          52.86532951289398,
          15.329512893982805
        ],
        [
          464.8997134670487,
          365.47277936962746
        ]
      ],
      "group_id": null,
      "description": "",
      "shape_type": "rectangle",
      "flags": {}
    }
  ],
  "imagePath": "..\\cat_12_train_result\\cat_10_61.jpg",
  "imageData": null,
  "imageHeight": 400,
  "imageWidth": 500
}