{
  "version": "5.2.1",
  "flags": {},
  "shapes": [
    {
      "label": "cat_10",
      "points": [
        [
          132.2349570200573,
          16.39828080229227
        ],
        [
          393.26647564469914,
          225.8538681948424
        ]
      ],
      "group_id": null,
      "description": "",
      "shape_type": "rectangle",
      "flags": {}
    }
  ],
  "imagePath": "..\\cat_12_train_result\\cat_10_24.jpg",
  "imageData": null,
  "imageHeight": 354,
  "imageWidth": 500
}