{
  "version": "5.2.1",
  "flags": {},
  "shapes": [
    {
      "label": "cat_10",
      "points": [
        [
          147.97687861271677,
          85.54624277456647
        ],
        [
          382.3699421965318,
          284.3901734104046
        ]
      ],
      "group_id": null,
      "description": "",
      "shape_type": "rectangle",
      "flags": {}
    }
  ],
  "imagePath": "..\\cat_12_train_result\\cat_10_0.jpg",
  "imageData": null,
  "imageHeight": 413,
  "imageWidth": 500
}