{
  "version": "5.2.1",
  "flags": {},
  "shapes": [
    {
      "label": "cat_10",
      "points": [
        [
          62.89398280802292,
          56.41117478510028
        ],
        [
          188.68194842406874,
          168.7320916905444
        ]
      ],
      "group_id": null,
      "description": "",
      "shape_type": "rectangle",
      "flags": {}
    }
  ],
  "imagePath": "..\\cat_12_train_result\\cat_10_170.jpg",
  "imageData": null,
  "imageHeight": 375,
  "imageWidth": 500
}