{
  "version": "5.2.1",
  "flags": {},
  "shapes": [
    {
      "label": "cat_1",
      "points": [
        [
          100.51546391752576,
          7.4312714776632305
        ],
        [
          160.82474226804123,
          65.50687285223367
        ]
      ],
      "group_id": null,
      "description": "",
      "shape_type": "rectangle",
      "flags": {}
    }
  ],
  "imagePath": "..\\cat_12_train_result\\cat_1_57.jpg",
  "imageData": null,
  "imageHeight": 225,
  "imageWidth": 300
}