{
  "version": "5.2.1",
  "flags": {},
  "shapes": [
    {
      "label": "cat_1",
      "points": [
        [
          315.0429799426934,
          101.88681948424068
        ],
        [
          435.3868194842407,
          178.39111747851
        ]
      ],
      "group_id": null,
      "description": "",
      "shape_type": "rectangle",
      "flags": {}
    }
  ],
  "imagePath": "..\\cat_12_train_result\\cat_1_132.jpg",
  "imageData": null,
  "imageHeight": 333,
  "imageWidth": 500
}