{
  "version": "5.2.1",
  "flags": {},
  "shapes": [
    {
      "label": "cat_0",
      "points": [
        [
          295.3424657534246,
          97.60273972602741
        ],
        [
          431.986301369863,
          217.12328767123287
        ]
      ],
      "group_id": null,
      "description": "",
      "shape_type": "rectangle",
      "flags": {}
    }
  ],
  "imagePath": "..\\cat_12_train_result\\cat_0_13.jpg",
  "imageData": null,
  "imageHeight": 425,
  "imageWidth": 640
}