{
  "version": "5.2.1",
  "flags": {},
  "shapes": [
    {
      "label": "cat_0",
      "points": [
        [
          6.405950095969295,
          19.745681381957773
        ],
        [
          210.24472168905953,
          193.83397312859884
        ]
      ],
      "group_id": null,
      "description": "",
      "shape_type": "rectangle",
      "flags": {}
    }
  ],
  "imagePath": "..\\cat_12_train_result\\cat_0_136.jpg",
  "imageData": null,
  "imageHeight": 275,
  "imageWidth": 275
}