{
  "version": "5.2.1",
  "flags": {},
  "shapes": [
    {
      "label": "cat_10",
      "points": [
        [
          34.61538461538461,
          25.597069597069595
        ],
        [
          199.63369963369962,
          169.003663003663
        ]
      ],
      "group_id": null,
      "description": "",
      "shape_type": "rectangle",
      "flags": {}
    }
  ],
  "imagePath": "..\\cat_12_train_result\\cat_10_107.jpg",
  "imageData": null,
  "imageHeight": 262,
  "imageWidth": 300
}