{
  "version": "5.2.1",
  "flags": {},
  "shapes": [
    {
      "label": "cat_0",
      "points": [
        [
          213.36898395721923,
          1.0561497326203337
        ],
        [
          422.4598930481283,
          153.72994652406416
        ]
      ],
      "group_id": null,
      "description": "",
      "shape_type": "rectangle",
      "flags": {}
    }
  ],
  "imagePath": "..\\cat_12_train_result\\cat_0_129.jpg",
  "imageData": null,
  "imageHeight": 335,
  "imageWidth": 500
}