{
  "version": "5.2.1",
  "flags": {},
  "shapes": [
    {
      "label": "cat_1",
      "points": [
        [
          148.93006993006992,
          201.5734265734266
        ],
        [
          297.53146853146853,
          328.84615384615387
        ]
      ],
      "group_id": null,
      "description": "",
      "shape_type": "rectangle",
      "flags": {}
    }
  ],
  "imagePath": "..\\cat_12_train_result\\cat_1_98.jpg",
  "imageData": null,
  "imageHeight": 500,
  "imageWidth": 458
}