{
  "version": "5.2.1",
  "flags": {},
  "shapes": [
    {
      "label": "cat_10",
      "points": [
        [
          117.52577319587628,
          39.09278350515463
        ],
        [
          217.52577319587627,
          136.8591065292096
        ]
      ],
      "group_id": null,
      "description": "",
      "shape_type": "rectangle",
      "flags": {}
    }
  ],
  "imagePath": "..\\cat_12_train_result\\cat_10_104.jpg",
  "imageData": null,
  "imageHeight": 222,
  "imageWidth": 300
}