{
  "version": "5.2.1",
  "flags": {},
  "shapes": [
    {
      "label": "cat_10",
      "points": [
        [
          132.2349570200573,
          40.651862464183374
        ],
        [
          434.5272206303725,
          304.8352435530086
        ]
      ],
      "group_id": null,
      "description": "",
      "shape_type": "rectangle",
      "flags": {}
    }
  ],
  "imagePath": "..\\cat_12_train_result\\cat_10_34.jpg",
  "imageData": null,
  "imageHeight": 375,
  "imageWidth": 500
}