{
  "version": "5.2.1",
  "flags": {},
  "shapes": [
    {
      "label": "cat_1",
      "points": [
        [
          234.24068767908307,
          38.35959885386819
        ],
        [
          456.01719197707735,
          223.74641833810887
        ]
      ],
      "group_id": null,
      "description": "",
      "shape_type": "rectangle",
      "flags": {}
    }
  ],
  "imagePath": "..\\cat_12_train_result\\cat_1_21.jpg",
  "imageData": null,
  "imageHeight": 375,
  "imageWidth": 500
}