{
  "version": "5.2.1",
  "flags": {},
  "shapes": [
    {
      "label": "cat_1",
      "points": [
        [
          108.59106529209622,
          35.266323024054984
        ],
        [
          254.46735395189003,
          169.9742268041237
        ]
      ],
      "group_id": null,
      "description": "",
      "shape_type": "rectangle",
      "flags": {}
    }
  ],
  "imagePath": "..\\cat_12_train_result\\cat_1_34.jpg",
  "imageData": null,
  "imageHeight": 225,
  "imageWidth": 300
}