{
  "version": "5.2.1",
  "flags": {},
  "shapes": [
    {
      "label": "cat_0",
      "points": [
        [
          34.029484029484024,
          16.417690417690427
        ],
        [
          153.43980343980343,
          125.75429975429975
        ]
      ],
      "group_id": null,
      "description": "",
      "shape_type": "rectangle",
      "flags": {}
    }
  ],
  "imagePath": "..\\cat_12_train_result\\cat_0_81.jpg",
  "imageData": null,
  "imageHeight": 352,
  "imageWidth": 400
}