{
  "version": "5.2.1",
  "flags": {},
  "shapes": [
    {
      "label": "cat_0",
      "points": [
        [
          48.69784172661872,
          23.089928057553976
        ],
        [
          256.2517985611511,
          175.42805755395685
        ]
      ],
      "group_id": null,
      "description": "",
      "shape_type": "rectangle",
      "flags": {}
    }
  ],
  "imagePath": "..\\cat_12_train_result\\cat_0_70.jpg",
  "imageData": null,
  "imageHeight": 246,
  "imageWidth": 317
}