{
  "version": "5.2.1",
  "flags": {},
  "shapes": [
    {
      "label": "cat_1",
      "points": [
        [
          94.69914040114612,
          21.084527220630385
        ],
        [
          438.82521489971344,
          283.83524355300864
        ]
      ],
      "group_id": null,
      "description": "",
      "shape_type": "rectangle",
      "flags": {}
    }
  ],
  "imagePath": "..\\cat_12_train_result\\cat_1_117.jpg",
  "imageData": null,
  "imageHeight": 333,
  "imageWidth": 500
}