{
  "version": "5.2.1",
  "flags": {},
  "shapes": [
    {
      "label": "cat_0",
      "points": [
        [
          27.90697674418605,
          16.46153846153846
        ],
        [
          153.30948121645798,
          145.6207513416816
        ]
      ],
      "group_id": null,
      "description": "",
      "shape_type": "rectangle",
      "flags": {}
    }
  ],
  "imagePath": "..\\cat_12_train_result\\cat_0_110.jpg",
  "imageData": null,
  "imageHeight": 256,
  "imageWidth": 300
}