{
  "version": "5.2.1",
  "flags": {},
  "shapes": [
    {
      "label": "cat_1",
      "points": [
        [
          162.5668449197861,
          29.73529411764707
        ],
        [
          385.0267379679144,
          202.72994652406416
        ]
      ],
      "group_id": null,
      "description": "",
      "shape_type": "rectangle",
      "flags": {}
    }
  ],
  "imagePath": "..\\cat_12_train_result\\cat_1_0.jpg",
  "imageData": null,
  "imageHeight": 333,
  "imageWidth": 500
}