{
  "version": "5.2.1",
  "flags": {},
  "shapes": [
    {
      "label": "cat_10",
      "points": [
        [
          90.9965034965035,
          13.461538461538462
        ],
        [
          353.5839160839161,
          279.54545454545456
        ]
      ],
      "group_id": null,
      "description": "",
      "shape_type": "rectangle",
      "flags": {}
    }
  ],
  "imagePath": "..\\cat_12_train_result\\cat_10_14.jpg",
  "imageData": null,
  "imageHeight": 500,
  "imageWidth": 375
}