{
  "version": "5.2.1",
  "flags": {},
  "shapes": [
    {
      "label": "cat_10",
      "points": [
        [
          237.10601719197706,
          92.51432664756447
        ],
        [
          397.2779369627507,
          250.68051575931233
        ]
      ],
      "group_id": null,
      "description": "",
      "shape_type": "rectangle",
      "flags": {}
    }
  ],
  "imagePath": "..\\cat_12_train_result\\cat_10_46.jpg",
  "imageData": null,
  "imageHeight": 375,
  "imageWidth": 500
}