{
  "version": "5.2.1",
  "flags": {},
  "shapes": [
    {
      "label": "cat_10",
      "points": [
        [
          85.243553008596,
          100.4541547277937
        ],
        [
          344.55587392550143,
          289.56590257879657
        ]
      ],
      "group_id": null,
      "description": "",
      "shape_type": "rectangle",
      "flags": {}
    }
  ],
  "imagePath": "..\\cat_12_train_result\\cat_10_122.jpg",
  "imageData": null,
  "imageHeight": 333,
  "imageWidth": 500
}