{
  "version": "5.2.1",
  "flags": {},
  "shapes": [
    {
      "label": "cat_0",
      "points": [
        [
          109.6330275229358,
          6.766055045871559
        ],
        [
          370.1834862385321,
          255.16055045871556
        ]
      ],
      "group_id": null,
      "description": "",
      "shape_type": "rectangle",
      "flags": {}
    }
  ],
  "imagePath": "..\\cat_12_train_result\\cat_0_166.jpg",
  "imageData": null,
  "imageHeight": 300,
  "imageWidth": 400
}