{
  "version": "5.2.1",
  "flags": {},
  "shapes": [
    {
      "label": "cat_1",
      "points": [
        [
          158.4192439862543,
          28.73711340206185
        ],
        [
          285.05154639175254,
          138.70274914089347
        ]
      ],
      "group_id": null,
      "description": "",
      "shape_type": "rectangle",
      "flags": {}
    }
  ],
  "imagePath": "..\\cat_12_train_result\\cat_1_42.jpg",
  "imageData": null,
  "imageHeight": 225,
  "imageWidth": 300
}