{
  "version": "5.2.1",
  "flags": {},
  "shapes": [
    {
      "label": "cat_10",
      "points": [
        [
          181.51862464183378,
          34.053008595988544
        ],
        [
          298.13753581661894,
          161.56017191977077
        ]
      ],
      "group_id": null,
      "description": "",
      "shape_type": "rectangle",
      "flags": {}
    }
  ],
  "imagePath": "..\\cat_12_train_result\\cat_10_140.jpg",
  "imageData": null,
  "imageHeight": 281,
  "imageWidth": 500
}