{
  "version": "5.2.1",
  "flags": {},
  "shapes": [
    {
      "label": "cat_1",
      "points": [
        [
          205.01432664756445,
          93.86389684813753
        ],
        [
          339.68481375358164,
          212.77507163323781
        ]
      ],
      "group_id": null,
      "description": "",
      "shape_type": "rectangle",
      "flags": {}
    }
  ],
  "imagePath": "..\\cat_12_train_result\\cat_1_169.jpg",
  "imageData": null,
  "imageHeight": 333,
  "imageWidth": 500
}