{
  "version": "5.2.1",
  "flags": {},
  "shapes": [
    {
      "label": "cat_1",
      "points": [
        [
          157.73638968481373,
          49.820916905444115
        ],
        [
          279.512893982808,
          186.7836676217765
        ]
      ],
      "group_id": null,
      "description": "",
      "shape_type": "rectangle",
      "flags": {}
    }
  ],
  "imagePath": "..\\cat_12_train_result\\cat_1_115.jpg",
  "imageData": null,
  "imageHeight": 375,
  "imageWidth": 500
}