{
  "version": "5.2.1",
  "flags": {},
  "shapes": [
    {
      "label": "cat_10",
      "points": [
        [
          73.9263803680982,
          6.463190184049094
        ],
        [
          375.46012269938655,
          288.05828220858893
        ]
      ],
      "group_id": null,
      "description": "",
      "shape_type": "rectangle",
      "flags": {}
    }
  ],
  "imagePath": "..\\cat_12_train_result\\cat_10_30.jpg",
  "imageData": null,
  "imageHeight": 439,
  "imageWidth": 500
}