{
  "version": "5.2.1",
  "flags": {},
  "shapes": [
    {
      "label": "cat_1",
      "points": [
        [
          154.9627766599598,
          3.65794768611669
        ],
        [
          263.01106639839037,
          97.21931589537223
        ]
      ],
      "group_id": null,
      "description": "",
      "shape_type": "rectangle",
      "flags": {}
    }
  ],
  "imagePath": "..\\cat_12_train_result\\cat_1_91.jpg",
  "imageData": null,
  "imageHeight": 288,
  "imageWidth": 289
}