{
  "version": "5.2.1",
  "flags": {},
  "shapes": [
    {
      "label": "cat_0",
      "points": [
        [
          65.75174825174824,
          16.95804195804196
        ],
        [
          331.1363636363636,
          293.8811188811189
        ]
      ],
      "group_id": null,
      "description": "",
      "shape_type": "rectangle",
      "flags": {}
    }
  ],
  "imagePath": "..\\cat_12_train_result\\cat_0_150.jpg",
  "imageData": null,
  "imageHeight": 500,
  "imageWidth": 335
}