{
  "version": "5.2.1",
  "flags": {},
  "shapes": [
    {
      "label": "cat_10",
      "points": [
        [
          80.37249283667622,
          2.8295128939828054
        ],
        [
          405.0143266475645,
          256.98424068767906
        ]
      ],
      "group_id": null,
      "description": "",
      "shape_type": "rectangle",
      "flags": {}
    }
  ],
  "imagePath": "..\\cat_12_train_result\\cat_10_19.jpg",
  "imageData": null,
  "imageHeight": 375,
  "imageWidth": 500
}