{
  "version": "5.2.1",
  "flags": {},
  "shapes": [
    {
      "label": "cat_10",
      "points": [
        [
          171.77650429799425,
          51.826647564469916
        ],
        [
          363.75358166189113,
          243.23065902578796
        ]
      ],
      "group_id": null,
      "description": "",
      "shape_type": "rectangle",
      "flags": {}
    }
  ],
  "imagePath": "..\\cat_12_train_result\\cat_10_132.jpg",
  "imageData": null,
  "imageHeight": 375,
  "imageWidth": 500
}