{
  "version": "5.2.1",
  "flags": {},
  "shapes": [
    {
      "label": "cat_1",
      "points": [
        [
          196.6042128603104,
          16.25055432372505
        ],
        [
          336.07206208425725,
          135.31929046563192
        ]
      ],
      "group_id": null,
      "description": "",
      "shape_type": "rectangle",
      "flags": {}
    }
  ],
  "imagePath": "..\\cat_12_train_result\\cat_1_85.jpg",
  "imageData": null,
  "imageHeight": 258,
  "imageWidth": 387
}