{
  "version": "5.2.1",
  "flags": {},
  "shapes": [
    {
      "label": "cat_0",
      "points": [
        [
          151.76573426573427,
          142.13286713286715
        ],
        [
          304.56293706293707,
          273.6013986013986
        ]
      ],
      "group_id": null,
      "description": "",
      "shape_type": "rectangle",
      "flags": {}
    }
  ],
  "imagePath": "..\\cat_12_train_result\\cat_0_125.jpg",
  "imageData": null,
  "imageHeight": 500,
  "imageWidth": 335
}