{
  "version": "5.2.1",
  "flags": {},
  "shapes": [
    {
      "label": "cat_1",
      "points": [
        [
          22.492836676217767,
          115.35386819484239
        ],
        [
          133.0945558739255,
          233.69197707736387
        ]
      ],
      "group_id": null,
      "description": "",
      "shape_type": "rectangle",
      "flags": {}
    }
  ],
  "imagePath": "..\\cat_12_train_result\\cat_1_106.jpg",
  "imageData": null,
  "imageHeight": 333,
  "imageWidth": 500
}