{
  "version": "5.2.1",
  "flags": {},
  "shapes": [
    {
      "label": "cat_1",
      "points": [
        [
          217.33524355300858,
          53.46275071633239
        ],
        [
          430.8022922636103,
          266.64326647564474
        ]
      ],
      "group_id": null,
      "description": "",
      "shape_type": "rectangle",
      "flags": {}
    }
  ],
  "imagePath": "..\\cat_12_train_result\\cat_1_170.jpg",
  "imageData": null,
  "imageHeight": 333,
  "imageWidth": 500
}