{
  "version": "5.2.1",
  "flags": {},
  "shapes": [
    {
      "label": "cat_0",
      "points": [
        [
          195.8006993006993,
          105.41958041958043
        ],
        [
          336.70979020979024,
          245.62937062937064
        ]
      ],
      "group_id": null,
      "description": "",
      "shape_type": "rectangle",
      "flags": {}
    }
  ],
  "imagePath": "..\\cat_12_train_result\\cat_0_162.jpg",
  "imageData": null,
  "imageHeight": 500,
  "imageWidth": 393
}