{
  "version": "5.2.1",
  "flags": {},
  "shapes": [
    {
      "label": "cat_1",
      "points": [
        [
          188.68194842406874,
          117.15616045845272
        ],
        [
          352.0057306590258,
          268.7320916905444
        ]
      ],
      "group_id": null,
      "description": "",
      "shape_type": "rectangle",
      "flags": {}
    }
  ],
  "imagePath": "..\\cat_12_train_result\\cat_1_126.jpg",
  "imageData": null,
  "imageHeight": 375,
  "imageWidth": 500
}