{
  "version": "5.2.1",
  "flags": {},
  "shapes": [
    {
      "label": "cat_1",
      "points": [
        [
          82.6647564469914,
          85.33524355300861
        ],
        [
          223.92550143266473,
          201.3810888252149
        ]
      ],
      "group_id": null,
      "description": "",
      "shape_type": "rectangle",
      "flags": {}
    }
  ],
  "imagePath": "..\\cat_12_train_result\\cat_1_9.jpg",
  "imageData": null,
  "imageHeight": 336,
  "imageWidth": 500
}