{
  "version": "5.2.1",
  "flags": {},
  "shapes": [
    {
      "label": "cat_10",
      "points": [
        [
          179.512893982808,
          34.34813753581661
        ],
        [
          398.9971346704871,
          249.2478510028653
        ]
      ],
      "group_id": null,
      "description": "",
      "shape_type": "rectangle",
      "flags": {}
    }
  ],
  "imagePath": "..\\cat_12_train_result\\cat_10_57.jpg",
  "imageData": null,
  "imageHeight": 375,
  "imageWidth": 500
}