{
  "version": "5.2.1",
  "flags": {},
  "shapes": [
    {
      "label": "cat_1",
      "points": [
        [
          123.17193675889331,
          28.256916996047476
        ],
        [
          501.82806324110675,
          352.3675889328063
        ]
      ],
      "group_id": null,
      "description": "",
      "shape_type": "rectangle",
      "flags": {}
    }
  ],
  "imagePath": "..\\cat_12_train_result\\cat_1_80.jpg",
  "imageData": null,
  "imageHeight": 566,
  "imageWidth": 625
}