{
  "version": "5.2.1",
  "flags": {},
  "shapes": [
    {
      "label": "cat_1",
      "points": [
        [
          118.96853146853147,
          185.83916083916085
        ],
        [
          263.0244755244755,
          331.993006993007
        ]
      ],
      "group_id": null,
      "description": "",
      "shape_type": "rectangle",
      "flags": {}
    }
  ],
  "imagePath": "..\\cat_12_train_result\\cat_1_148.jpg",
  "imageData": null,
  "imageHeight": 500,
  "imageWidth": 375
}