{
  "version": "5.2.1",
  "flags": {},
  "shapes": [
    {
      "label": "cat_10",
      "points": [
        [
          142.83667621776502,
          4.262177650429798
        ],
        [
          376.07449856733524,
          242.65759312320918
        ]
      ],
      "group_id": null,
      "description": "",
      "shape_type": "rectangle",
      "flags": {}
    }
  ],
  "imagePath": "..\\cat_12_train_result\\cat_10_135.jpg",
  "imageData": null,
  "imageHeight": 375,
  "imageWidth": 500
}