{
  "version": "5.2.1",
  "flags": {},
  "shapes": [
    {
      "label": "cat_0",
      "points": [
        [
          109.4387755102041,
          14.285714285714286
        ],
        [
          178.656462585034,
          83.50340136054422
        ]
      ],
      "group_id": null,
      "description": "",
      "shape_type": "rectangle",
      "flags": {}
    }
  ],
  "imagePath": "..\\cat_12_train_result\\cat_0_91.jpg",
  "imageData": null,
  "imageHeight": 225,
  "imageWidth": 300
}