{
  "version": "5.2.1",
  "flags": {},
  "shapes": [
    {
      "label": "cat_1",
      "points": [
        [
          224.78510028653292,
          57.85100286532954
        ],
        [
          372.92263610315183,
          185.64469914040117
        ]
      ],
      "group_id": null,
      "description": "",
      "shape_type": "rectangle",
      "flags": {}
    }
  ],
  "imagePath": "..\\cat_12_train_result\\cat_1_6.jpg",
  "imageData": null,
  "imageHeight": 320,
  "imageWidth": 500
}