{
  "version": "5.2.1",
  "flags": {},
  "shapes": [
    {
      "label": "cat_1",
      "points": [
        [
          44.54887218045113,
          77.63909774436091
        ],
        [
          134.3984962406015,
          172.93984962406014
        ]
      ],
      "group_id": null,
      "description": "",
      "shape_type": "rectangle",
      "flags": {}
    }
  ],
  "imagePath": "..\\cat_12_train_result\\cat_1_71.jpg",
  "imageData": null,
  "imageHeight": 269,
  "imageWidth": 300
}