{
  "version": "5.2.1",
  "flags": {},
  "shapes": [
    {
      "label": "cat_1",
      "points": [
        [
          25.73529411764708,
          15.966911764705884
        ],
        [
          157.53676470588235,
          151.99632352941174
        ]
      ],
      "group_id": null,
      "description": "",
      "shape_type": "rectangle",
      "flags": {}
    }
  ],
  "imagePath": "..\\cat_12_train_result\\cat_1_55.jpg",
  "imageData": null,
  "imageHeight": 263,
  "imageWidth": 300
}