{
  "version": "5.2.1",
  "flags": {},
  "shapes": [
    {
      "label": "cat_1",
      "points": [
        [
          158.02292263610315,
          59.84957020057306
        ],
        [
          410.7449856733524,
          267.5859598853868
        ]
      ],
      "group_id": null,
      "description": "",
      "shape_type": "rectangle",
      "flags": {}
    }
  ],
  "imagePath": "..\\cat_12_train_result\\cat_1_147.jpg",
  "imageData": null,
  "imageHeight": 375,
  "imageWidth": 500
}