{
  "version": "5.2.1",
  "flags": {},
  "shapes": [
    {
      "label": "cat_10",
      "points": [
        [
          302.1489971346705,
          50.68051575931232
        ],
        [
          473.20916905444125,
          220.5945558739255
        ]
      ],
      "group_id": null,
      "description": "",
      "shape_type": "rectangle",
      "flags": {}
    }
  ],
  "imagePath": "..\\cat_12_train_result\\cat_10_171.jpg",
  "imageData": null,
  "imageHeight": 375,
  "imageWidth": 500
}