{
  "version": "5.2.1",
  "flags": {},
  "shapes": [
    {
      "label": "cat_10",
      "points": [
        [
          126.21776504297993,
          74.59312320916905
        ],
        [
          288.39541547277935,
          251.09742120343836
        ]
      ],
      "group_id": null,
      "description": "",
      "shape_type": "rectangle",
      "flags": {}
    }
  ],
  "imagePath": "..\\cat_12_train_result\\cat_10_59.jpg",
  "imageData": null,
  "imageHeight": 334,
  "imageWidth": 500
}