{
  "version": "5.2.1",
  "flags": {},
  "shapes": [
    {
      "label": "cat_1",
      "points": [
        [
          129.43706293706293,
          26.74825174825175
        ],
        [
          311.95454545454544,
          180.5944055944056
        ]
      ],
      "group_id": null,
      "description": "",
      "shape_type": "rectangle",
      "flags": {}
    }
  ],
  "imagePath": "..\\cat_12_train_result\\cat_1_15.jpg",
  "imageData": null,
  "imageHeight": 500,
  "imageWidth": 333
}