{
  "version": "5.2.1",
  "flags": {},
  "shapes": [
    {
      "label": "cat_0",
      "points": [
        [
          433.0049751243781,
          32.86567164179107
        ],
        [
          745.4427860696518,
          285.60199004975124
        ]
      ],
      "group_id": null,
      "description": "",
      "shape_type": "rectangle",
      "flags": {}
    }
  ],
  "imagePath": "..\\cat_12_train_result\\cat_0_68.jpg",
  "imageData": null,
  "imageHeight": 712,
  "imageWidth": 768
}