{
  "version": "5.2.1",
  "flags": {},
  "shapes": [
    {
      "label": "cat_0",
      "points": [
        [
          39.014084507042256,
          6.476525821596239
        ],
        [
          97.58215962441315,
          53.77699530516431
        ]
      ],
      "group_id": null,
      "description": "",
      "shape_type": "rectangle",
      "flags": {}
    }
  ],
  "imagePath": "..\\cat_12_train_result\\cat_0_127.jpg",
  "imageData": null,
  "imageHeight": 168,
  "imageWidth": 190
}