{
  "version": "5.2.1",
  "flags": {},
  "shapes": [
    {
      "label": "cat_1",
      "points": [
        [
          313.6103151862464,
          122.23065902578796
        ],
        [
          443.1232091690544,
          235.41117478510026
        ]
      ],
      "group_id": null,
      "description": "",
      "shape_type": "rectangle",
      "flags": {}
    }
  ],
  "imagePath": "..\\cat_12_train_result\\cat_1_134.jpg",
  "imageData": null,
  "imageHeight": 333,
  "imageWidth": 500
}