{
  "version": "5.2.1",
  "flags": {},
  "shapes": [
    {
      "label": "cat_1",
      "points": [
        [
          208.04195804195803,
          38.63636363636363
        ],
        [
          351.74825174825173,
          157.86713286713288
        ]
      ],
      "group_id": null,
      "description": "",
      "shape_type": "rectangle",
      "flags": {}
    }
  ],
  "imagePath": "..\\cat_12_train_result\\cat_1_13.jpg",
  "imageData": null,
  "imageHeight": 500,
  "imageWidth": 500
}