{
  "version": "5.2.1",
  "flags": {},
  "shapes": [
    {
      "label": "cat_10",
      "points": [
        [
          246.5616045845272,
          25.669054441260748
        ],
        [
          391.26074498567334,
          141.42836676217766
        ]
      ],
      "group_id": null,
      "description": "",
      "shape_type": "rectangle",
      "flags": {}
    }
  ],
  "imagePath": "..\\cat_12_train_result\\cat_10_124.jpg",
  "imageData": null,
  "imageHeight": 333,
  "imageWidth": 500
}