{
  "version": "5.2.1",
  "flags": {},
  "shapes": [
    {
      "label": "cat_10",
      "points": [
        [
          103.00859598853869,
          34.313753581661885
        ],
        [
          401.86246418338106,
          307.3796561604584
        ]
      ],
      "group_id": null,
      "description": "",
      "shape_type": "rectangle",
      "flags": {}
    }
  ],
  "imagePath": "..\\cat_12_train_result\\cat_10_5.jpg",
  "imageData": null,
  "imageHeight": 399,
  "imageWidth": 500
}