{
  "version": "5.2.1",
  "flags": {},
  "shapes": [
    {
      "label": "cat_10",
      "points": [
        [
          139.68481375358164,
          59.27650429799426
        ],
        [
          325.3581661891117,
          248.96131805157594
        ]
      ],
      "group_id": null,
      "description": "",
      "shape_type": "rectangle",
      "flags": {}
    }
  ],
  "imagePath": "..\\cat_12_train_result\\cat_10_3.jpg",
  "imageData": null,
  "imageHeight": 375,
  "imageWidth": 500
}