{
  "version": "5.2.1",
  "flags": {},
  "shapes": [
    {
      "label": "cat_0",
      "points": [
        [
          282.0916905444126,
          1.396848137535816
        ],
        [
          476.36103151862466,
          167.29942693409743
        ]
      ],
      "group_id": null,
      "description": "",
      "shape_type": "rectangle",
      "flags": {}
    }
  ],
  "imagePath": "..\\cat_12_train_result\\cat_0_172.jpg",
  "imageData": null,
  "imageHeight": 375,
  "imageWidth": 500
}