{
  "version": "5.2.1",
  "flags": {},
  "shapes": [
    {
      "label": "cat_10",
      "points": [
        [
          79.79942693409743,
          49.820916905444115
        ],
        [
          296.13180515759313,
          269.5916905444126
        ]
      ],
      "group_id": null,
      "description": "",
      "shape_type": "rectangle",
      "flags": {}
    }
  ],
  "imagePath": "..\\cat_12_train_result\\cat_10_161.jpg",
  "imageData": null,
  "imageHeight": 375,
  "imageWidth": 500
}