{
  "version": "5.2.1",
  "flags": {},
  "shapes": [
    {
      "label": "cat_10",
      "points": [
        [
          146.61538461538458,
          41.43356643356643
        ],
        [
          396.965034965035,
          256.1188811188811
        ]
      ],
      "group_id": null,
      "description": "",
      "shape_type": "rectangle",
      "flags": {}
    }
  ],
  "imagePath": "..\\cat_12_train_result\\cat_10_164.jpg",
  "imageData": null,
  "imageHeight": 500,
  "imageWidth": 424
}