{
  "version": "5.2.1",
  "flags": {},
  "shapes": [
    {
      "label": "cat_0",
      "points": [
        [
          19.69351230425056,
          60.78299776286352
        ],
        [
          87.9261744966443,
          128.5682326621924
        ]
      ],
      "group_id": null,
      "description": "",
      "shape_type": "rectangle",
      "flags": {}
    }
  ],
  "imagePath": "..\\cat_12_train_result\\cat_0_77.jpg",
  "imageData": null,
  "imageHeight": 320,
  "imageWidth": 198
}