{
  "version": "5.2.1",
  "flags": {},
  "shapes": [
    {
      "label": "cat_0",
      "points": [
        [
          115.75174825174827,
          62.76223776223776
        ],
        [
          281.1363636363636,
          209.61538461538464
        ]
      ],
      "group_id": null,
      "description": "",
      "shape_type": "rectangle",
      "flags": {}
    }
  ],
  "imagePath": "..\\cat_12_train_result\\cat_0_148.jpg",
  "imageData": null,
  "imageHeight": 500,
  "imageWidth": 335
}