{
  "version": "5.2.1",
  "flags": {},
  "shapes": [
    {
      "label": "cat_10",
      "points": [
        [
          17.76923076923076,
          44.58041958041958
        ],
        [
          342.5944055944056,
          426.7482517482518
        ]
      ],
      "group_id": null,
      "description": "",
      "shape_type": "rectangle",
      "flags": {}
    }
  ],
  "imagePath": "..\\cat_12_train_result\\cat_10_116.jpg",
  "imageData": null,
  "imageHeight": 500,
  "imageWidth": 374
}