{
  "version": "5.2.1",
  "flags": {},
  "shapes": [
    {
      "label": "cat_1",
      "points": [
        [
          42.26361031518624,
          63.024355300859604
        ],
        [
          251.14613180515758,
          275.91833810888255
        ]
      ],
      "group_id": null,
      "description": "",
      "shape_type": "rectangle",
      "flags": {}
    }
  ],
  "imagePath": "..\\cat_12_train_result\\cat_1_122.jpg",
  "imageData": null,
  "imageHeight": 359,
  "imageWidth": 500
}