{
  "version": "5.2.1",
  "flags": {},
  "shapes": [
    {
      "label": "cat_0",
      "points": [
        [
          0.7867132867132796,
          27.44755244755245
        ],
        [
          290.29720279720283,
          291.43356643356645
        ]
      ],
      "group_id": null,
      "description": "",
      "shape_type": "rectangle",
      "flags": {}
    }
  ],
  "imagePath": "..\\cat_12_train_result\\cat_0_138.jpg",
  "imageData": null,
  "imageHeight": 500,
  "imageWidth": 375
}