{
  "version": "5.2.1",
  "flags": {},
  "shapes": [
    {
      "label": "cat_0",
      "points": [
        [
          328.2352941176471,
          156.58823529411762
        ],
        [
          888.2352941176471,
          730.1176470588235
        ]
      ],
      "group_id": null,
      "description": "",
      "shape_type": "rectangle",
      "flags": {}
    }
  ],
  "imagePath": "..\\cat_12_train_result\\cat_0_142.jpg",
  "imageData": null,
  "imageHeight": 842,
  "imageWidth": 1000
}