{
  "version": "5.2.1",
  "flags": {},
  "shapes": [
    {
      "label": "cat_10",
      "points": [
        [
          134.52722063037248,
          86.78366762177649
        ],
        [
          370.63037249283667,
          277.61461318051573
        ]
      ],
      "group_id": null,
      "description": "",
      "shape_type": "rectangle",
      "flags": {}
    }
  ],
  "imagePath": "..\\cat_12_train_result\\cat_10_52.jpg",
  "imageData": null,
  "imageHeight": 375,
  "imageWidth": 500
}