{
  "version": "5.2.1",
  "flags": {},
  "shapes": [
    {
      "label": "cat_1",
      "points": [
        [
          262.03438395415475,
          108.95272206303724
        ],
        [
          456.30372492836676,
          289.75501432664754
        ]
      ],
      "group_id": null,
      "description": "",
      "shape_type": "rectangle",
      "flags": {}
    }
  ],
  "imagePath": "..\\cat_12_train_result\\cat_1_178.jpg",
  "imageData": null,
  "imageHeight": 401,
  "imageWidth": 500
}