{
  "version": "5.2.1",
  "flags": {},
  "shapes": [
    {
      "label": "cat_1",
      "points": [
        [
          58.934707903780065,
          2.448453608247423
        ],
        [
          237.9725085910653,
          151.07388316151201
        ]
      ],
      "group_id": null,
      "description": "",
      "shape_type": "rectangle",
      "flags": {}
    }
  ],
  "imagePath": "..\\cat_12_train_result\\cat_1_43.jpg",
  "imageData": null,
  "imageHeight": 225,
  "imageWidth": 300
}