{
  "version": "5.2.1",
  "flags": {},
  "shapes": [
    {
      "label": "cat_10",
      "points": [
        [
          47.61888111888112,
          49.82517482517483
        ],
        [
          301.465034965035,
          266.958041958042
        ]
      ],
      "group_id": null,
      "description": "",
      "shape_type": "rectangle",
      "flags": {}
    }
  ],
  "imagePath": "..\\cat_12_train_result\\cat_10_114.jpg",
  "imageData": null,
  "imageHeight": 500,
  "imageWidth": 333
}