{
  "version": "5.2.1",
  "flags": {},
  "shapes": [
    {
      "label": "cat_0",
      "points": [
        [
          88.6904761904762,
          23.80952380952381
        ],
        [
          194.47278911564626,
          160.37414965986395
        ]
      ],
      "group_id": null,
      "description": "",
      "shape_type": "rectangle",
      "flags": {}
    }
  ],
  "imagePath": "..\\cat_12_train_result\\cat_0_104.jpg",
  "imageData": null,
  "imageHeight": 225,
  "imageWidth": 300
}