{
  "version": "5.2.1",
  "flags": {},
  "shapes": [
    {
      "label": "cat_0",
      "points": [
        [
          98.26923076923075,
          87.23776223776224
        ],
        [
          211.90559440559443,
          183.3916083916084
        ]
      ],
      "group_id": null,
      "description": "",
      "shape_type": "rectangle",
      "flags": {}
    }
  ],
  "imagePath": "..\\cat_12_train_result\\cat_0_19.jpg",
  "imageData": null,
  "imageHeight": 500,
  "imageWidth": 335
}