{
  "version": "5.2.1",
  "flags": {},
  "shapes": [
    {
      "label": "cat_1",
      "points": [
        [
          314.756446991404,
          24.52292263610316
        ],
        [
          456.5902578796562,
          142.28796561604585
        ]
      ],
      "group_id": null,
      "description": "",
      "shape_type": "rectangle",
      "flags": {}
    }
  ],
  "imagePath": "..\\cat_12_train_result\\cat_1_131.jpg",
  "imageData": null,
  "imageHeight": 333,
  "imageWidth": 500
}