{
  "version": "5.2.1",
  "flags": {},
  "shapes": [
    {
      "label": "cat_0",
      "points": [
        [
          63.8268156424581,
          16.899441340782122
        ],
        [
          360.4748603351955,
          284.2178770949721
        ]
      ],
      "group_id": null,
      "description": "",
      "shape_type": "rectangle",
      "flags": {}
    }
  ],
  "imagePath": "..\\cat_12_train_result\\cat_0_73.jpg",
  "imageData": null,
  "imageHeight": 400,
  "imageWidth": 400
}