{
  "version": "5.2.1",
  "flags": {},
  "shapes": [
    {
      "label": "cat_0",
      "points": [
        [
          14.200680272108844,
          1.700680272108844
        ],
        [
          264.7108843537415,
          176.70068027210885
        ]
      ],
      "group_id": null,
      "description": "",
      "shape_type": "rectangle",
      "flags": {}
    }
  ],
  "imagePath": "..\\cat_12_train_result\\cat_0_109.jpg",
  "imageData": null,
  "imageHeight": 225,
  "imageWidth": 300
}