{
  "version": "5.2.1",
  "flags": {},
  "shapes": [
    {
      "label": "cat_0",
      "points": [
        [
          22.0944055944056,
          79.1958041958042
        ],
        [
          272.79370629370635,
          322.2027972027972
        ]
      ],
      "group_id": null,
      "description": "",
      "shape_type": "rectangle",
      "flags": {}
    }
  ],
  "imagePath": "..\\cat_12_train_result\\cat_0_17.jpg",
  "imageData": null,
  "imageHeight": 500,
  "imageWidth": 333
}