{
  "version": "5.2.1",
  "flags": {},
  "shapes": [
    {
      "label": "cat_0",
      "points": [
        [
          33.60995850622406,
          47.15145228215769
        ],
        [
          185.89211618257258,
          187.40041493775934
        ]
      ],
      "group_id": null,
      "description": "",
      "shape_type": "rectangle",
      "flags": {}
    }
  ],
  "imagePath": "..\\cat_12_train_result\\cat_0_18.jpg",
  "imageData": null,
  "imageHeight": 297,
  "imageWidth": 300
}