{
  "version": "5.2.1",
  "flags": {},
  "shapes": [
    {
      "label": "cat_1",
      "points": [
        [
          234.52722063037248,
          128.33094555873924
        ],
        [
          380.08595988538684,
          250.9670487106017
        ]
      ],
      "group_id": null,
      "description": "",
      "shape_type": "rectangle",
      "flags": {}
    }
  ],
  "imagePath": "..\\cat_12_train_result\\cat_1_135.jpg",
  "imageData": null,
  "imageHeight": 375,
  "imageWidth": 500
}