{
  "version": "5.2.1",
  "flags": {},
  "shapes": [
    {
      "label": "cat_0",
      "points": [
        [
          136.8983957219251,
          35.49465240641711
        ],
        [
          388.235294117647,
          249.39839572192514
        ]
      ],
      "group_id": null,
      "description": "",
      "shape_type": "rectangle",
      "flags": {}
    }
  ],
  "imagePath": "..\\cat_12_train_result\\cat_0_47.jpg",
  "imageData": null,
  "imageHeight": 375,
  "imageWidth": 500
}