{
  "version": "5.2.1",
  "flags": {},
  "shapes": [
    {
      "label": "cat_0",
      "points": [
        [
          3.153846153846146,
          18.706293706293707
        ],
        [
          331.12587412587413,
          318.7062937062937
        ]
      ],
      "group_id": null,
      "description": "",
      "shape_type": "rectangle",
      "flags": {}
    }
  ],
  "imagePath": "..\\cat_12_train_result\\cat_0_140.jpg",
  "imageData": null,
  "imageHeight": 500,
  "imageWidth": 414
}