{
  "version": "5.2.1",
  "flags": {},
  "shapes": [
    {
      "label": "cat_0",
      "points": [
        [
          182.1144200626959,
          13.99843260188087
        ],
        [
          308.13322884012535,
          144.40595611285266
        ]
      ],
      "group_id": null,
      "description": "",
      "shape_type": "rectangle",
      "flags": {}
    }
  ],
  "imagePath": "..\\cat_12_train_result\\cat_0_161.jpg",
  "imageData": null,
  "imageHeight": 449,
  "imageWidth": 331
}