{
  "version": "5.2.1",
  "flags": {},
  "shapes": [
    {
      "label": "cat_1",
      "points": [
        [
          8.419243986254296,
          12.56357388316151
        ],
        [
          79.03780068728521,
          77.340206185567
        ]
      ],
      "group_id": null,
      "description": "",
      "shape_type": "rectangle",
      "flags": {}
    }
  ],
  "imagePath": "..\\cat_12_train_result\\cat_1_72.jpg",
  "imageData": null,
  "imageHeight": 182,
  "imageWidth": 300
}