{
  "version": "5.2.1",
  "flags": {},
  "shapes": [
    {
      "label": "cat_1",
      "points": [
        [
          148.8538681948424,
          71.02435530085958
        ],
        [
          290.974212034384,
          214.29083094555872
        ]
      ],
      "group_id": null,
      "description": "",
      "shape_type": "rectangle",
      "flags": {}
    }
  ],
  "imagePath": "..\\cat_12_train_result\\cat_1_145.jpg",
  "imageData": null,
  "imageHeight": 375,
  "imageWidth": 500
}