{
  "version": "5.2.1",
  "flags": {},
  "shapes": [
    {
      "label": "cat_1",
      "points": [
        [
          70.96219931271477,
          23.067010309278352
        ],
        [
          265.807560137457,
          202.62027491408935
        ]
      ],
      "group_id": null,
      "description": "",
      "shape_type": "rectangle",
      "flags": {}
    }
  ],
  "imagePath": "..\\cat_12_train_result\\cat_1_66.jpg",
  "imageData": null,
  "imageHeight": 225,
  "imageWidth": 300
}