{
  "version": "5.2.1",
  "flags": {},
  "shapes": [
    {
      "label": "cat_10",
      "points": [
        [
          42.744755244755254,
          42.13286713286713
        ],
        [
          329.458041958042,
          341.43356643356645
        ]
      ],
      "group_id": null,
      "description": "",
      "shape_type": "rectangle",
      "flags": {}
    }
  ],
  "imagePath": "..\\cat_12_train_result\\cat_10_156.jpg",
  "imageData": null,
  "imageHeight": 500,
  "imageWidth": 375
}