{
  "version": "5.2.1",
  "flags": {},
  "shapes": [
    {
      "label": "cat_1",
      "points": [
        [
          95.20057306590257,
          16.739255014326655
        ],
        [
          208.3810888252149,
          123.3295128939828
        ]
      ],
      "group_id": null,
      "description": "",
      "shape_type": "rectangle",
      "flags": {}
    }
  ],
  "imagePath": "..\\cat_12_train_result\\cat_1_100.jpg",
  "imageData": null,
  "imageHeight": 166,
  "imageWidth": 250
}