{
  "version": "5.2.1",
  "flags": {},
  "shapes": [
    {
      "label": "cat_0",
      "points": [
        [
          149.31818181818184,
          59.96503496503497
        ],
        [
          269.24825174825173,
          176.04895104895107
        ]
      ],
      "group_id": null,
      "description": "",
      "shape_type": "rectangle",
      "flags": {}
    }
  ],
  "imagePath": "..\\cat_12_train_result\\cat_0_39.jpg",
  "imageData": null,
  "imageHeight": 500,
  "imageWidth": 335
}