{
  "version": "5.2.1",
  "flags": {},
  "shapes": [
    {
      "label": "cat_0",
      "points": [
        [
          10.198300283286118,
          17.386685552407933
        ],
        [
          332.5779036827195,
          322.485835694051
        ]
      ],
      "group_id": null,
      "description": "",
      "shape_type": "rectangle",
      "flags": {}
    }
  ],
  "imagePath": "..\\cat_12_train_result\\cat_0_96.jpg",
  "imageData": null,
  "imageHeight": 375,
  "imageWidth": 500
}