{
  "version": "5.2.1",
  "flags": {},
  "shapes": [
    {
      "label": "cat_10",
      "points": [
        [
          210.85626911314984,
          46.481651376146786
        ],
        [
          439.6024464831804,
          203.66819571865443
        ]
      ],
      "group_id": null,
      "description": "",
      "shape_type": "rectangle",
      "flags": {}
    }
  ],
  "imagePath": "..\\cat_12_train_result\\cat_10_35.jpg",
  "imageData": null,
  "imageHeight": 437,
  "imageWidth": 500
}