{
  "version": "5.2.1",
  "flags": {},
  "shapes": [
    {
      "label": "cat_1",
      "points": [
        [
          9.106529209621993,
          13.27319587628866
        ],
        [
          100.85910652920961,
          103.47938144329896
        ]
      ],
      "group_id": null,
      "description": "",
      "shape_type": "rectangle",
      "flags": {}
    }
  ],
  "imagePath": "..\\cat_12_train_result\\cat_1_68.jpg",
  "imageData": null,
  "imageHeight": 225,
  "imageWidth": 300
}