{
  "version": "5.2.1",
  "flags": {},
  "shapes": [
    {
      "label": "cat_1",
      "points": [
        [
          69.58762886597938,
          20.66151202749141
        ],
        [
          287.62886597938143,
          205.71305841924396
        ]
      ],
      "group_id": null,
      "description": "",
      "shape_type": "rectangle",
      "flags": {}
    }
  ],
  "imagePath": "..\\cat_12_train_result\\cat_1_52.jpg",
  "imageData": null,
  "imageHeight": 225,
  "imageWidth": 300
}