{
  "version": "5.2.1",
  "flags": {},
  "shapes": [
    {
      "label": "cat_0",
      "points": [
        [
          30.80885311871228,
          52.350100603621726
        ],
        [
          115.91951710261571,
          112.91348088531187
        ]
      ],
      "group_id": null,
      "description": "",
      "shape_type": "rectangle",
      "flags": {}
    }
  ],
  "imagePath": "..\\cat_12_train_result\\cat_0_9.jpg",
  "imageData": null,
  "imageHeight": 288,
  "imageWidth": 192
}