{
  "version": "5.2.1",
  "flags": {},
  "shapes": [
    {
      "label": "cat_10",
      "points": [
        [
          213.0372492836676,
          15.15042979942693
        ],
        [
          454.01146131805154,
          276.4684813753581
        ]
      ],
      "group_id": null,
      "description": "",
      "shape_type": "rectangle",
      "flags": {}
    }
  ],
  "imagePath": "..\\cat_12_train_result\\cat_10_60.jpg",
  "imageData": null,
  "imageHeight": 375,
  "imageWidth": 500
}