{
  "version": "5.2.1",
  "flags": {},
  "shapes": [
    {
      "label": "cat_10",
      "points": [
        [
          123.35243553008596,
          49.16475644699141
        ],
        [
          345.1289398280802,
          237.98997134670483
        ]
      ],
      "group_id": null,
      "description": "",
      "shape_type": "rectangle",
      "flags": {}
    }
  ],
  "imagePath": "..\\cat_12_train_result\\cat_10_12.jpg",
  "imageData": null,
  "imageHeight": 333,
  "imageWidth": 500
}