{
  "version": "5.2.1",
  "flags": {},
  "shapes": [
    {
      "label": "cat_0",
      "points": [
        [
          153.74331550802137,
          32.43582887700536
        ],
        [
          490.6417112299465,
          323.07754010695186
        ]
      ],
      "group_id": null,
      "description": "",
      "shape_type": "rectangle",
      "flags": {}
    }
  ],
  "imagePath": "..\\cat_12_train_result\\cat_0_49.jpg",
  "imageData": null,
  "imageHeight": 363,
  "imageWidth": 500
}