{
  "version": "5.2.1",
  "flags": {},
  "shapes": [
    {
      "label": "cat_10",
      "points": [
        [
          116.189111747851,
          24.809455587392563
        ],
        [
          389.25501432664754,
          255.46848137535815
        ]
      ],
      "group_id": null,
      "description": "",
      "shape_type": "rectangle",
      "flags": {}
    }
  ],
  "imagePath": "..\\cat_12_train_result\\cat_10_42.jpg",
  "imageData": null,
  "imageHeight": 333,
  "imageWidth": 500
}