{
  "version": "5.2.1",
  "flags": {},
  "shapes": [
    {
      "label": "cat_10",
      "points": [
        [
          28.10650887573965,
          40.05029585798817
        ],
        [
          433.7278106508876,
          364.0147928994083
        ]
      ],
      "group_id": null,
      "description": "",
      "shape_type": "rectangle",
      "flags": {}
    }
  ],
  "imagePath": "..\\cat_12_train_result\\cat_10_21.jpg",
  "imageData": null,
  "imageHeight": 423,
  "imageWidth": 500
}