{
  "version": "5.2.1",
  "flags": {},
  "shapes": [
    {
      "label": "cat_10",
      "points": [
        [
          166.61891117478507,
          44.14756446991405
        ],
        [
          304.72779369627506,
          193.71776504297995
        ]
      ],
      "group_id": null,
      "description": "",
      "shape_type": "rectangle",
      "flags": {}
    }
  ],
  "imagePath": "..\\cat_12_train_result\\cat_10_13.jpg",
  "imageData": null,
  "imageHeight": 335,
  "imageWidth": 500
}