{
  "version": "5.2.1",
  "flags": {},
  "shapes": [
    {
      "label": "cat_10",
      "points": [
        [
          297.5644699140401,
          104.1432664756447
        ],
        [
          424.2120343839542,
          214.45845272206304
        ]
      ],
      "group_id": null,
      "description": "",
      "shape_type": "rectangle",
      "flags": {}
    }
  ],
  "imagePath": "..\\cat_12_train_result\\cat_10_172.jpg",
  "imageData": null,
  "imageHeight": 408,
  "imageWidth": 500
}