{
  "version": "5.2.1",
  "flags": {},
  "shapes": [
    {
      "label": "cat_1",
      "points": [
        [
          85.60482180293502,
          2.515723270440275
        ],
        [
          191.89412997903563,
          106.49895178197066
        ]
      ],
      "group_id": null,
      "description": "",
      "shape_type": "rectangle",
      "flags": {}
    }
  ],
  "imagePath": "..\\cat_12_train_result\\cat_1_73.jpg",
  "imageData": null,
  "imageHeight": 300,
  "imageWidth": 271
}