{
  "version": "5.2.1",
  "flags": {},
  "shapes": [
    {
      "label": "cat_1",
      "points": [
        [
          98.50387596899228,
          31.12403100775195
        ],
        [
          279.8992248062016,
          201.9250645994832
        ]
      ],
      "group_id": null,
      "description": "",
      "shape_type": "rectangle",
      "flags": {}
    }
  ],
  "imagePath": "..\\cat_12_train_result\\cat_1_96.jpg",
  "imageData": null,
  "imageHeight": 370,
  "imageWidth": 366
}