{
  "version": "5.2.1",
  "flags": {},
  "shapes": [
    {
      "label": "cat_10",
      "points": [
        [
          234.3558282208589,
          53.39570552147241
        ],
        [
          386.19631901840495,
          184.6840490797546
        ]
      ],
      "group_id": null,
      "description": "",
      "shape_type": "rectangle",
      "flags": {}
    }
  ],
  "imagePath": "..\\cat_12_train_result\\cat_10_62.jpg",
  "imageData": null,
  "imageHeight": 439,
  "imageWidth": 500
}