{
  "version": "5.2.1",
  "flags": {},
  "shapes": [
    {
      "label": "cat_10",
      "points": [
        [
          207.02005730659025,
          44.09025787965616
        ],
        [
          457.73638968481373,
          318.3022922636103
        ]
      ],
      "group_id": null,
      "description": "",
      "shape_type": "rectangle",
      "flags": {}
    }
  ],
  "imagePath": "..\\cat_12_train_result\\cat_10_55.jpg",
  "imageData": null,
  "imageHeight": 375,
  "imageWidth": 500
}