{
  "version": "5.2.1",
  "flags": {},
  "shapes": [
    {
      "label": "cat_1",
      "points": [
        [
          149.71346704871058,
          27.47134670487106
        ],
        [
          352.29226361031516,
          206.84097421203438
        ]
      ],
      "group_id": null,
      "description": "",
      "shape_type": "rectangle",
      "flags": {}
    }
  ],
  "imagePath": "..\\cat_12_train_result\\cat_1_174.jpg",
  "imageData": null,
  "imageHeight": 375,
  "imageWidth": 500
}