{
  "version": "5.2.1",
  "flags": {},
  "shapes": [
    {
      "label": "cat_10",
      "points": [
        [
          99.5702005730659,
          31.482808022922633
        ],
        [
          345.1289398280802,
          230.62320916905443
        ]
      ],
      "group_id": null,
      "description": "",
      "shape_type": "rectangle",
      "flags": {}
    }
  ],
  "imagePath": "..\\cat_12_train_result\\cat_10_47.jpg",
  "imageData": null,
  "imageHeight": 375,
  "imageWidth": 500
}