{
  "version": "5.2.1",
  "flags": {},
  "shapes": [
    {
      "label": "cat_0",
      "points": [
        [
          106.54761904761905,
          55.27210884353742
        ],
        [
          249.74489795918367,
          188.77551020408163
        ]
      ],
      "group_id": null,
      "description": "",
      "shape_type": "rectangle",
      "flags": {}
    }
  ],
  "imagePath": "..\\cat_12_train_result\\cat_0_99.jpg",
  "imageData": null,
  "imageHeight": 225,
  "imageWidth": 300
}