{
  "version": "5.2.1",
  "flags": {},
  "shapes": [
    {
      "label": "cat_10",
      "points": [
        [
          241.11747851002863,
          27.752148997134675
        ],
        [
          401.86246418338106,
          164.14183381088824
        ]
      ],
      "group_id": null,
      "description": "",
      "shape_type": "rectangle",
      "flags": {}
    }
  ],
  "imagePath": "..\\cat_12_train_result\\cat_10_175.jpg",
  "imageData": null,
  "imageHeight": 379,
  "imageWidth": 500
}