{
  "version": "5.2.1",
  "flags": {},
  "shapes": [
    {
      "label": "cat_0",
      "points": [
        [
          362.50000000000006,
          28.86363636363636
        ],
        [
          681.590909090909,
          293.4090909090909
        ]
      ],
      "group_id": null,
      "description": "",
      "shape_type": "rectangle",
      "flags": {}
    }
  ],
  "imagePath": "..\\cat_12_train_result\\cat_0_112.jpg",
  "imageData": null,
  "imageHeight": 600,
  "imageWidth": 800
}