{
  "version": "5.2.1",
  "flags": {},
  "shapes": [
    {
      "label": "cat_0",
      "points": [
        [
          195.2699228791774,
          51.59383033419024
        ],
        [
          311.46529562982005,
          152.6221079691517
        ]
      ],
      "group_id": null,
      "description": "",
      "shape_type": "rectangle",
      "flags": {}
    }
  ],
  "imagePath": "..\\cat_12_train_result\\cat_0_122.jpg",
  "imageData": null,
  "imageHeight": 360,
  "imageWidth": 480
}