{
  "version": "5.2.1",
  "flags": {},
  "shapes": [
    {
      "label": "cat_10",
      "points": [
        [
          68.91117478510029,
          0.8137535816618993
        ],
        [
          409.025787965616,
          320.29799426934096
        ]
      ],
      "group_id": null,
      "description": "",
      "shape_type": "rectangle",
      "flags": {}
    }
  ],
  "imagePath": "..\\cat_12_train_result\\cat_10_136.jpg",
  "imageData": null,
  "imageHeight": 332,
  "imageWidth": 500
}