{
  "version": "5.2.1",
  "flags": {},
  "shapes": [
    {
      "label": "cat_10",
      "points": [
        [
          16.849650349650346,
          74.3006993006993
        ],
        [
          284.6818181818182,
          290.3846153846154
        ]
      ],
      "group_id": null,
      "description": "",
      "shape_type": "rectangle",
      "flags": {}
    }
  ],
  "imagePath": "..\\cat_12_train_result\\cat_10_125.jpg",
  "imageData": null,
  "imageHeight": 500,
  "imageWidth": 333
}