{
  "version": "5.2.1",
  "flags": {},
  "shapes": [
    {
      "label": "cat_10",
      "points": [
        [
          115.38461538461539,
          16.07326007326007
        ],
        [
          281.68498168498166,
          203.8021978021978
        ]
      ],
      "group_id": null,
      "description": "",
      "shape_type": "rectangle",
      "flags": {}
    }
  ],
  "imagePath": "..\\cat_12_train_result\\cat_10_108.jpg",
  "imageData": null,
  "imageHeight": 262,
  "imageWidth": 300
}