{
  "version": "5.2.1",
  "flags": {},
  "shapes": [
    {
      "label": "cat_10",
      "points": [
        [
          276.36103151862466,
          5.3595988538682064
        ],
        [
          440.54441260744983,
          224.55730659025787
        ]
      ],
      "group_id": null,
      "description": "",
      "shape_type": "rectangle",
      "flags": {}
    }
  ],
  "imagePath": "..\\cat_12_train_result\\cat_10_141.jpg",
  "imageData": null,
  "imageHeight": 309,
  "imageWidth": 500
}