{
  "version": "5.2.1",
  "flags": {},
  "shapes": [
    {
      "label": "cat_0",
      "points": [
        [
          136.8006993006993,
          120.10489510489512
        ],
        [
          308.1293706293706,
          269.75524475524475
        ]
      ],
      "group_id": null,
      "description": "",
      "shape_type": "rectangle",
      "flags": {}
    }
  ],
  "imagePath": "..\\cat_12_train_result\\cat_0_175.jpg",
  "imageData": null,
  "imageHeight": 500,
  "imageWidth": 375
}