{
  "version": "5.2.1",
  "flags": {},
  "shapes": [
    {
      "label": "cat_1",
      "points": [
        [
          37.67908309455587,
          103.31948424068767
        ],
        [
          176.64756446991402,
          241.42836676217766
        ]
      ],
      "group_id": null,
      "description": "",
      "shape_type": "rectangle",
      "flags": {}
    }
  ],
  "imagePath": "..\\cat_12_train_result\\cat_1_101.jpg",
  "imageData": null,
  "imageHeight": 333,
  "imageWidth": 500
}