{
  "version": "5.2.1",
  "flags": {},
  "shapes": [
    {
      "label": "cat_10",
      "points": [
        [
          53.91608391608392,
          35.13986013986014
        ],
        [
          219.65034965034965,
          208.91608391608392
        ]
      ],
      "group_id": null,
      "description": "",
      "shape_type": "rectangle",
      "flags": {}
    }
  ],
  "imagePath": "..\\cat_12_train_result\\cat_10_118.jpg",
  "imageData": null,
  "imageHeight": 500,
  "imageWidth": 340
}