{
  "version": "5.2.1",
  "flags": {},
  "shapes": [
    {
      "label": "cat_1",
      "points": [
        [
          138.8986013986014,
          93.18181818181819
        ],
        [
          299.73776223776224,
          265.5594405594406
        ]
      ],
      "group_id": null,
      "description": "",
      "shape_type": "rectangle",
      "flags": {}
    }
  ],
  "imagePath": "..\\cat_12_train_result\\cat_1_150.jpg",
  "imageData": null,
  "imageHeight": 500,
  "imageWidth": 375
}