{
  "version": "5.2.1",
  "flags": {},
  "shapes": [
    {
      "label": "cat_1",
      "points": [
        [
          263.1805157593123,
          92.22779369627506
        ],
        [
          437.6790830945559,
          264.147564469914
        ]
      ],
      "group_id": null,
      "description": "",
      "shape_type": "rectangle",
      "flags": {}
    }
  ],
  "imagePath": "..\\cat_12_train_result\\cat_1_156.jpg",
  "imageData": null,
  "imageHeight": 375,
  "imageWidth": 500
}