{
  "version": "5.2.1",
  "flags": {},
  "shapes": [
    {
      "label": "cat_1",
      "points": [
        [
          162.23776223776224,
          16.60839160839161
        ],
        [
          341.2587412587413,
          236.1888111888112
        ]
      ],
      "group_id": null,
      "description": "",
      "shape_type": "rectangle",
      "flags": {}
    }
  ],
  "imagePath": "..\\cat_12_train_result\\cat_1_161.jpg",
  "imageData": null,
  "imageHeight": 500,
  "imageWidth": 500
}