{
  "version": "5.2.1",
  "flags": {},
  "shapes": [
    {
      "label": "cat_10",
      "points": [
        [
          73.71134020618557,
          15.163230240549826
        ],
        [
          244.3298969072165,
          172.0360824742268
        ]
      ],
      "group_id": null,
      "description": "",
      "shape_type": "rectangle",
      "flags": {}
    }
  ],
  "imagePath": "..\\cat_12_train_result\\cat_10_103.jpg",
  "imageData": null,
  "imageHeight": 225,
  "imageWidth": 300
}