{
  "version": "5.2.1",
  "flags": {},
  "shapes": [
    {
      "label": "cat_1",
      "points": [
        [
          16.475644699140403,
          53.31661891117479
        ],
        [
          213.89684813753578,
          237.55730659025787
        ]
      ],
      "group_id": null,
      "description": "",
      "shape_type": "rectangle",
      "flags": {}
    }
  ],
  "imagePath": "..\\cat_12_train_result\\cat_1_19.jpg",
  "imageData": null,
  "imageHeight": 335,
  "imageWidth": 500
}