{
  "version": "5.2.1",
  "flags": {},
  "shapes": [
    {
      "label": "cat_0",
      "points": [
        [
          22.61208576998051,
          19.12962962962963
        ],
        [
          260.233918128655,
          234.72417153996102
        ]
      ],
      "group_id": null,
      "description": "",
      "shape_type": "rectangle",
      "flags": {}
    }
  ],
  "imagePath": "..\\cat_12_train_result\\cat_0_94.jpg",
  "imageData": null,
  "imageHeight": 279,
  "imageWidth": 300
}