{
  "version": "5.2.1",
  "flags": {},
  "shapes": [
    {
      "label": "cat_0",
      "points": [
        [
          49.05660377358491,
          69.1823899371069
        ],
        [
          196.54088050314465,
          213.2075471698113
        ]
      ],
      "group_id": null,
      "description": "",
      "shape_type": "rectangle",
      "flags": {}
    }
  ],
  "imagePath": "..\\cat_12_train_result\\cat_0_157.jpg",
  "imageData": null,
  "imageHeight": 450,
  "imageWidth": 300
}