{
  "version": "5.2.1",
  "flags": {},
  "shapes": [
    {
      "label": "cat_0",
      "points": [
        [
          76.4496855345912,
          37.73584905660379
        ],
        [
          188.18972746331235,
          150.9433962264151
        ]
      ],
      "group_id": null,
      "description": "",
      "shape_type": "rectangle",
      "flags": {}
    }
  ],
  "imagePath": "..\\cat_12_train_result\\cat_0_92.jpg",
  "imageData": null,
  "imageHeight": 300,
  "imageWidth": 229
}