{
  "version": "5.2.1",
  "flags": {},
  "shapes": [
    {
      "label": "cat_1",
      "points": [
        [
          179.2263610315186,
          7.904011461318063
        ],
        [
          407.0200573065903,
          224.23638968481376
        ]
      ],
      "group_id": null,
      "description": "",
      "shape_type": "rectangle",
      "flags": {}
    }
  ],
  "imagePath": "..\\cat_12_train_result\\cat_1_112.jpg",
  "imageData": null,
  "imageHeight": 333,
  "imageWidth": 500
}