{
  "version": "5.2.1",
  "flags": {},
  "shapes": [
    {
      "label": "cat_10",
      "points": [
        [
          102.03496503496503,
          14.51048951048951
        ],
        [
          403.0839160839161,
          354.02097902097904
        ]
      ],
      "group_id": null,
      "description": "",
      "shape_type": "rectangle",
      "flags": {}
    }
  ],
  "imagePath": "..\\cat_12_train_result\\cat_10_177.jpg",
  "imageData": null,
  "imageHeight": 500,
  "imageWidth": 474
}