{
  "version": "5.2.1",
  "flags": {},
  "shapes": [
    {
      "label": "cat_1",
      "points": [
        [
          185.5,
          29.17241379310344
        ],
        [
          272.3965517241379,
          106.93103448275862
        ]
      ],
      "group_id": null,
      "description": "",
      "shape_type": "rectangle",
      "flags": {}
    }
  ],
  "imagePath": "..\\cat_12_train_result\\cat_1_90.jpg",
  "imageData": null,
  "imageHeight": 233,
  "imageWidth": 301
}