{
  "version": "5.2.1",
  "flags": {},
  "shapes": [
    {
      "label": "cat_1",
      "points": [
        [
          40.83094555873925,
          11.99856733524355
        ],
        [
          274.6418338108883,
          242.65759312320918
        ]
      ],
      "group_id": null,
      "description": "",
      "shape_type": "rectangle",
      "flags": {}
    }
  ],
  "imagePath": "..\\cat_12_train_result\\cat_1_138.jpg",
  "imageData": null,
  "imageHeight": 375,
  "imageWidth": 500
}