{
  "version": "5.2.1",
  "flags": {},
  "shapes": [
    {
      "label": "cat_1",
      "points": [
        [
          245.4154727793696,
          40.70916905444127
        ],
        [
          365.1862464183381,
          140.42263610315186
        ]
      ],
      "group_id": null,
      "description": "",
      "shape_type": "rectangle",
      "flags": {}
    }
  ],
  "imagePath": "..\\cat_12_train_result\\cat_1_7.jpg",
  "imageData": null,
  "imageHeight": 335,
  "imageWidth": 500
}