{
  "version": "5.2.1",
  "flags": {},
  "shapes": [
    {
      "label": "cat_10",
      "points": [
        [
          35.03146853146853,
          37.23776223776224
        ],
        [
          300.41608391608395,
          311.7132867132867
        ]
      ],
      "group_id": null,
      "description": "",
      "shape_type": "rectangle",
      "flags": {}
    }
  ],
  "imagePath": "..\\cat_12_train_result\\cat_10_26.jpg",
  "imageData": null,
  "imageHeight": 500,
  "imageWidth": 333
}