{
  "version": "5.2.1",
  "flags": {},
  "shapes": [
    {
      "label": "cat_1",
      "points": [
        [
          23.35243553008596,
          64.14756446991404
        ],
        [
          243.1232091690544,
          241.51146131805157
        ]
      ],
      "group_id": null,
      "description": "",
      "shape_type": "rectangle",
      "flags": {}
    }
  ],
  "imagePath": "..\\cat_12_train_result\\cat_1_14.jpg",
  "imageData": null,
  "imageHeight": 375,
  "imageWidth": 500
}