{
  "version": "5.2.1",
  "flags": {},
  "shapes": [
    {
      "label": "cat_0",
      "points": [
        [
          563.7931034482758,
          109.05172413793105
        ],
        [
          1103.448275862069,
          558.1896551724138
        ]
      ],
      "group_id": null,
      "description": "",
      "shape_type": "rectangle",
      "flags": {}
    }
  ],
  "imagePath": "..\\cat_12_train_result\\cat_0_36.jpg",
  "imageData": null,
  "imageHeight": 1200,
  "imageWidth": 1600
}