{
  "version": "5.2.1",
  "flags": {},
  "shapes": [
    {
      "label": "cat_1",
      "points": [
        [
          245.702005730659,
          34.0515759312321
        ],
        [
          384.67048710601716,
          150.95702005730658
        ]
      ],
      "group_id": null,
      "description": "",
      "shape_type": "rectangle",
      "flags": {}
    }
  ],
  "imagePath": "..\\cat_12_train_result\\cat_1_25.jpg",
  "imageData": null,
  "imageHeight": 332,
  "imageWidth": 500
}