{
  "version": "5.2.1",
  "flags": {},
  "shapes": [
    {
      "label": "cat_1",
      "points": [
        [
          55.15463917525773,
          18.427835051546392
        ],
        [
          167.35395189003435,
          114.81958762886597
        ]
      ],
      "group_id": null,
      "description": "",
      "shape_type": "rectangle",
      "flags": {}
    }
  ],
  "imagePath": "..\\cat_12_train_result\\cat_1_77.jpg",
  "imageData": null,
  "imageHeight": 225,
  "imageWidth": 300
}