{
  "version": "5.2.1",
  "flags": {},
  "shapes": [
    {
      "label": "cat_0",
      "points": [
        [
          118.72377622377621,
          76.04895104895105
        ],
        [
          323.96853146853147,
          299.8251748251748
        ]
      ],
      "group_id": null,
      "description": "",
      "shape_type": "rectangle",
      "flags": {}
    }
  ],
  "imagePath": "..\\cat_12_train_result\\cat_0_75.jpg",
  "imageData": null,
  "imageHeight": 500,
  "imageWidth": 335
}