{
  "version": "5.2.1",
  "flags": {},
  "shapes": [
    {
      "label": "cat_10",
      "points": [
        [
          309.025787965616,
          74.46275071633238
        ],
        [
          480.3724928366762,
          253.2593123209169
        ]
      ],
      "group_id": null,
      "description": "",
      "shape_type": "rectangle",
      "flags": {}
    }
  ],
  "imagePath": "..\\cat_12_train_result\\cat_10_20.jpg",
  "imageData": null,
  "imageHeight": 375,
  "imageWidth": 500
}