{
  "version": "5.2.1",
  "flags": {},
  "shapes": [
    {
      "label": "cat_0",
      "points": [
        [
          850.8620689655172,
          196.98275862068968
        ],
        [
          1221.5517241379312,
          533.1896551724138
        ]
      ],
      "group_id": null,
      "description": "",
      "shape_type": "rectangle",
      "flags": {}
    }
  ],
  "imagePath": "..\\cat_12_train_result\\cat_0_67.jpg",
  "imageData": null,
  "imageHeight": 1200,
  "imageWidth": 1600
}