{
  "version": "5.2.1",
  "flags": {},
  "shapes": [
    {
      "label": "cat_0",
      "points": [
        [
          22.39510489510488,
          41.43356643356643
        ],
        [
          225.54195804195803,
          206.4685314685315
        ]
      ],
      "group_id": null,
      "description": "",
      "shape_type": "rectangle",
      "flags": {}
    }
  ],
  "imagePath": "..\\cat_12_train_result\\cat_0_153.jpg",
  "imageData": null,
  "imageHeight": 500,
  "imageWidth": 335
}