{
  "version": "5.2.1",
  "flags": {},
  "shapes": [
    {
      "label": "cat_10",
      "points": [
        [
          35.093291404612174,
          18.448637316561868
        ],
        [
          216.64465408805032,
          209.643605870021
        ]
      ],
      "group_id": null,
      "description": "",
      "shape_type": "rectangle",
      "flags": {}
    }
  ],
  "imagePath": "..\\cat_12_train_result\\cat_10_102.jpg",
  "imageData": null,
  "imageHeight": 300,
  "imageWidth": 227
}