{
  "version": "5.2.1",
  "flags": {},
  "shapes": [
    {
      "label": "cat_1",
      "points": [
        [
          162.3209169054441,
          13.921203438395423
        ],
        [
          406.44699140401144,
          205.61174785100286
        ]
      ],
      "group_id": null,
      "description": "",
      "shape_type": "rectangle",
      "flags": {}
    }
  ],
  "imagePath": "..\\cat_12_train_result\\cat_1_111.jpg",
  "imageData": null,
  "imageHeight": 333,
  "imageWidth": 500
}