{
  "version": "5.2.1",
  "flags": {},
  "shapes": [
    {
      "label": "cat_0",
      "points": [
        [
          395.00000000000006,
          395.9090909090909
        ],
        [
          840.4545454545455,
          756.8181818181818
        ]
      ],
      "group_id": null,
      "description": "",
      "shape_type": "rectangle",
      "flags": {}
    }
  ],
  "imagePath": "..\\cat_12_train_result\\cat_0_119.jpg",
  "imageData": null,
  "imageHeight": 1200,
  "imageWidth": 1600
}