{
  "version": "5.2.1",
  "flags": {},
  "shapes": [
    {
      "label": "cat_10",
      "points": [
        [
          66.9054441260745,
          4.262177650429798
        ],
        [
          367.7650429799427,
          236.3538681948424
        ]
      ],
      "group_id": null,
      "description": "",
      "shape_type": "rectangle",
      "flags": {}
    }
  ],
  "imagePath": "..\\cat_12_train_result\\cat_10_53.jpg",
  "imageData": null,
  "imageHeight": 375,
  "imageWidth": 500
}