{
  "version": "5.2.1",
  "flags": {},
  "shapes": [
    {
      "label": "cat_1",
      "points": [
        [
          137.67908309455586,
          15.15042979942693
        ],
        [
          378.08022922636104,
          207.12750716332377
        ]
      ],
      "group_id": null,
      "description": "",
      "shape_type": "rectangle",
      "flags": {}
    }
  ],
  "imagePath": "..\\cat_12_train_result\\cat_1_125.jpg",
  "imageData": null,
  "imageHeight": 375,
  "imageWidth": 500
}