{
  "version": "5.2.1",
  "flags": {},
  "shapes": [
    {
      "label": "cat_0",
      "points": [
        [
          190.9090909090909,
          102.99732620320856
        ],
        [
          294.3850267379679,
          188.024064171123
        ]
      ],
      "group_id": null,
      "description": "",
      "shape_type": "rectangle",
      "flags": {}
    }
  ],
  "imagePath": "..\\cat_12_train_result\\cat_0_32.jpg",
  "imageData": null,
  "imageHeight": 333,
  "imageWidth": 500
}