{
  "version": "5.2.1",
  "flags": {},
  "shapes": [
    {
      "label": "cat_10",
      "points": [
        [
          90.20979020979021,
          85.83916083916085
        ],
        [
          307.6923076923077,
          273.95104895104896
        ]
      ],
      "group_id": null,
      "description": "",
      "shape_type": "rectangle",
      "flags": {}
    }
  ],
  "imagePath": "..\\cat_12_train_result\\cat_10_146.jpg",
  "imageData": null,
  "imageHeight": 500,
  "imageWidth": 400
}