{
  "version": "5.2.1",
  "flags": {},
  "shapes": [
    {
      "label": "cat_1",
      "points": [
        [
          291.958041958042,
          90.38461538461539
        ],
        [
          406.993006993007,
          203.32167832167835
        ]
      ],
      "group_id": null,
      "description": "",
      "shape_type": "rectangle",
      "flags": {}
    }
  ],
  "imagePath": "..\\cat_12_train_result\\cat_1_88.jpg",
  "imageData": null,
  "imageHeight": 500,
  "imageWidth": 500
}