{
  "version": "5.2.1",
  "flags": {},
  "shapes": [
    {
      "label": "cat_0",
      "points": [
        [
          79.99371069182388,
          5.974842767295597
        ],
        [
          258.61006289308176,
          155.0314465408805
        ]
      ],
      "group_id": null,
      "description": "",
      "shape_type": "rectangle",
      "flags": {}
    }
  ],
  "imagePath": "..\\cat_12_train_result\\cat_0_8.jpg",
  "imageData": null,
  "imageHeight": 450,
  "imageWidth": 282
}