{
  "version": "5.2.1",
  "flags": {},
  "shapes": [
    {
      "label": "cat_0",
      "points": [
        [
          77.97619047619048,
          39.79591836734694
        ],
        [
          207.2278911564626,
          156.80272108843536
        ]
      ],
      "group_id": null,
      "description": "",
      "shape_type": "rectangle",
      "flags": {}
    }
  ],
  "imagePath": "..\\cat_12_train_result\\cat_0_106.jpg",
  "imageData": null,
  "imageHeight": 225,
  "imageWidth": 300
}