{
  "version": "5.2.1",
  "flags": {},
  "shapes": [
    {
      "label": "cat_10",
      "points": [
        [
          149.71346704871058,
          39.79226361031518
        ],
        [
          465.1862464183381,
          301.6833810888252
        ]
      ],
      "group_id": null,
      "description": "",
      "shape_type": "rectangle",
      "flags": {}
    }
  ],
  "imagePath": "..\\cat_12_train_result\\cat_10_44.jpg",
  "imageData": null,
  "imageHeight": 375,
  "imageWidth": 500
}