{
  "version": "5.2.1",
  "flags": {},
  "shapes": [
    {
      "label": "cat_0",
      "points": [
        [
          41.59034267912772,
          59.799065420560765
        ],
        [
          271.80841121495325,
          230.82710280373834
        ]
      ],
      "group_id": null,
      "description": "",
      "shape_type": "rectangle",
      "flags": {}
    }
  ],
  "imagePath": "..\\cat_12_train_result\\cat_0_53.jpg",
  "imageData": null,
  "imageHeight": 371,
  "imageWidth": 581
}