{
  "version": "5.2.1",
  "flags": {},
  "shapes": [
    {
      "label": "cat_10",
      "points": [
        [
          255.44412607449854,
          22.157593123209182
        ],
        [
          465.4727793696275,
          235.33810888252148
        ]
      ],
      "group_id": null,
      "description": "",
      "shape_type": "rectangle",
      "flags": {}
    }
  ],
  "imagePath": "..\\cat_12_train_result\\cat_10_17.jpg",
  "imageData": null,
  "imageHeight": 334,
  "imageWidth": 500
}