{
  "version": "5.2.1",
  "flags": {},
  "shapes": [
    {
      "label": "cat_1",
      "points": [
        [
          135.22336769759448,
          34.92268041237113
        ],
        [
          248.45360824742266,
          129.7680412371134
        ]
      ],
      "group_id": null,
      "description": "",
      "shape_type": "rectangle",
      "flags": {}
    }
  ],
  "imagePath": "..\\cat_12_train_result\\cat_1_36.jpg",
  "imageData": null,
  "imageHeight": 225,
  "imageWidth": 300
}