{
  "version": "5.2.1",
  "flags": {},
  "shapes": [
    {
      "label": "cat_1",
      "points": [
        [
          70.34383954154728,
          47.124641833810884
        ],
        [
          215.0429799426934,
          195.83524355300858
        ]
      ],
      "group_id": null,
      "description": "",
      "shape_type": "rectangle",
      "flags": {}
    }
  ],
  "imagePath": "..\\cat_12_train_result\\cat_1_123.jpg",
  "imageData": null,
  "imageHeight": 357,
  "imageWidth": 500
}