{
  "version": "5.2.1",
  "flags": {},
  "shapes": [
    {
      "label": "cat_10",
      "points": [
        [
          206.16045845272205,
          25.236389684813766
        ],
        [
          473.78223495702,
          273.37392550143267
        ]
      ],
      "group_id": null,
      "description": "",
      "shape_type": "rectangle",
      "flags": {}
    }
  ],
  "imagePath": "..\\cat_12_train_result\\cat_10_144.jpg",
  "imageData": null,
  "imageHeight": 335,
  "imageWidth": 500
}