{
  "version": "5.2.1",
  "flags": {},
  "shapes": [
    {
      "label": "cat_0",
      "points": [
        [
          108.1083916083916,
          83.74125874125875
        ],
        [
          259.50699300699307,
          235.83916083916085
        ]
      ],
      "group_id": null,
      "description": "",
      "shape_type": "rectangle",
      "flags": {}
    }
  ],
  "imagePath": "..\\cat_12_train_result\\cat_0_28.jpg",
  "imageData": null,
  "imageHeight": 500,
  "imageWidth": 333
}