{
  "version": "5.2.1",
  "flags": {},
  "shapes": [
    {
      "label": "cat_0",
      "points": [
        [
          4.672413793103431,
          16.00626959247647
        ],
        [
          298.0,
          288.6505003617072
        ]
      ],
      "group_id": null,
      "description": "",
      "shape_type": "rectangle",
      "flags": {}
    }
  ],
  "imagePath": "..\\cat_12_train_result\\cat_0_130.jpg",
  "imageData": null,
  "imageHeight": 448,
  "imageWidth": 299
}