{
  "version": "5.2.1",
  "flags": {},
  "shapes": [
    {
      "label": "cat_10",
      "points": [
        [
          86.7924528301887,
          78.40670859538785
        ],
        [
          130.60796645702305,
          122.43186582809226
        ]
      ],
      "group_id": null,
      "description": "",
      "shape_type": "rectangle",
      "flags": {}
    }
  ],
  "imagePath": "..\\cat_12_train_result\\cat_10_111.jpg",
  "imageData": null,
  "imageHeight": 300,
  "imageWidth": 200
}