{
  "version": "5.2.1",
  "flags": {},
  "shapes": [
    {
      "label": "cat_10",
      "points": [
        [
          151.8716577540107,
          63.42245989304814
        ],
        [
          366.57754010695186,
          251.65775401069516
        ]
      ],
      "group_id": null,
      "description": "",
      "shape_type": "rectangle",
      "flags": {}
    }
  ],
  "imagePath": "..\\cat_12_train_result\\cat_10_1.jpg",
  "imageData": null,
  "imageHeight": 310,
  "imageWidth": 500
}