{
  "version": "5.2.1",
  "flags": {},
  "shapes": [
    {
      "label": "cat_0",
      "points": [
        [
          101.29370629370628,
          4.720279720279721
        ],
        [
          438.7062937062937,
          345.62937062937067
        ]
      ],
      "group_id": null,
      "description": "",
      "shape_type": "rectangle",
      "flags": {}
    }
  ],
  "imagePath": "..\\cat_12_train_result\\cat_0_12.jpg",
  "imageData": null,
  "imageHeight": 500,
  "imageWidth": 490
}