{
  "version": "5.2.1",
  "flags": {},
  "shapes": [
    {
      "label": "cat_10",
      "points": [
        [
          128.7965616045845,
          37.786532951289395
        ],
        [
          371.48997134670486,
          278.4742120343839
        ]
      ],
      "group_id": null,
      "description": "",
      "shape_type": "rectangle",
      "flags": {}
    }
  ],
  "imagePath": "..\\cat_12_train_result\\cat_10_33.jpg",
  "imageData": null,
  "imageHeight": 375,
  "imageWidth": 500
}