{
  "version": "5.2.1",
  "flags": {},
  "shapes": [
    {
      "label": "cat_10",
      "points": [
        [
          149.71346704871058,
          34.634670487106014
        ],
        [
          307.30659025787963,
          170.1647564469914
        ]
      ],
      "group_id": null,
      "description": "",
      "shape_type": "rectangle",
      "flags": {}
    }
  ],
  "imagePath": "..\\cat_12_train_result\\cat_10_31.jpg",
  "imageData": null,
  "imageHeight": 375,
  "imageWidth": 500
}