{
  "version": "5.2.1",
  "flags": {},
  "shapes": [
    {
      "label": "cat_0",
      "points": [
        [
          233.6898395721925,
          51.81550802139039
        ],
        [
          404.5454545454545,
          184.70320855614975
        ]
      ],
      "group_id": null,
      "description": "",
      "shape_type": "rectangle",
      "flags": {}
    }
  ],
  "imagePath": "..\\cat_12_train_result\\cat_0_15.jpg",
  "imageData": null,
  "imageHeight": 367,
  "imageWidth": 500
}