{
  "version": "5.2.1",
  "flags": {},
  "shapes": [
    {
      "label": "cat_0",
      "points": [
        [
          14.69933184855234,
          14.399777282850797
        ],
        [
          199.10913140311803,
          170.96993318485525
        ]
      ],
      "group_id": null,
      "description": "",
      "shape_type": "rectangle",
      "flags": {}
    }
  ],
  "imagePath": "..\\cat_12_train_result\\cat_0_10.jpg",
  "imageData": null,
  "imageHeight": 319,
  "imageWidth": 400
}