{
  "version": "5.2.1",
  "flags": {},
  "shapes": [
    {
      "label": "cat_10",
      "points": [
        [
          203.58166189111745,
          91.65472779369628
        ],
        [
          417.3352435530086,
          280.1934097421203
        ]
      ],
      "group_id": null,
      "description": "",
      "shape_type": "rectangle",
      "flags": {}
    }
  ],
  "imagePath": "..\\cat_12_train_result\\cat_10_115.jpg",
  "imageData": null,
  "imageHeight": 375,
  "imageWidth": 500
}