{
  "version": "5.2.1",
  "flags": {},
  "shapes": [
    {
      "label": "cat_1",
      "points": [
        [
          25.07163323782235,
          8.180515759312328
        ],
        [
          173.49570200573064,
          143.1375358166189
        ]
      ],
      "group_id": null,
      "description": "",
      "shape_type": "rectangle",
      "flags": {}
    }
  ],
  "imagePath": "..\\cat_12_train_result\\cat_1_103.jpg",
  "imageData": null,
  "imageHeight": 290,
  "imageWidth": 500
}