{
  "version": "5.2.1",
  "flags": {},
  "shapes": [
    {
      "label": "cat_1",
      "points": [
        [
          63.57388316151202,
          8.977663230240548
        ],
        [
          209.45017182130584,
          117.22508591065292
        ]
      ],
      "group_id": null,
      "description": "",
      "shape_type": "rectangle",
      "flags": {}
    }
  ],
  "imagePath": "..\\cat_12_train_result\\cat_1_75.jpg",
  "imageData": null,
  "imageHeight": 225,
  "imageWidth": 300
}