{
  "version": "5.2.1",
  "flags": {},
  "shapes": [
    {
      "label": "cat_0",
      "points": [
        [
          478.4482758620689,
          348.7068965517242
        ],
        [
          1016.3793103448276,
          785.7758620689656
        ]
      ],
      "group_id": null,
      "description": "",
      "shape_type": "rectangle",
      "flags": {}
    }
  ],
  "imagePath": "..\\cat_12_train_result\\cat_0_123.jpg",
  "imageData": null,
  "imageHeight": 1200,
  "imageWidth": 1600
}