{
  "version": "5.2.1",
  "flags": {},
  "shapes": [
    {
      "label": "cat_10",
      "points": [
        [
          19.097902097902107,
          91.0839160839161
        ],
        [
          272.94405594405595,
          320.4545454545455
        ]
      ],
      "group_id": null,
      "description": "",
      "shape_type": "rectangle",
      "flags": {}
    }
  ],
  "imagePath": "..\\cat_12_train_result\\cat_10_11.jpg",
  "imageData": null,
  "imageHeight": 500,
  "imageWidth": 334
}