{
  "version": "5.2.1",
  "flags": {},
  "shapes": [
    {
      "label": "cat_1",
      "points": [
        [
          148.2808022922636,
          26.028653295128954
        ],
        [
          388.68194842406876,
          253.24928366762177
        ]
      ],
      "group_id": null,
      "description": "",
      "shape_type": "rectangle",
      "flags": {}
    }
  ],
  "imagePath": "..\\cat_12_train_result\\cat_1_10.jpg",
  "imageData": null,
  "imageHeight": 332,
  "imageWidth": 500
}