{
  "version": "5.2.1",
  "flags": {},
  "shapes": [
    {
      "label": "cat_10",
      "points": [
        [
          89.52797202797203,
          19.405594405594407
        ],
        [
          290.92657342657344,
          283.0419580419581
        ]
      ],
      "group_id": null,
      "description": "",
      "shape_type": "rectangle",
      "flags": {}
    }
  ],
  "imagePath": "..\\cat_12_train_result\\cat_10_129.jpg",
  "imageData": null,
  "imageHeight": 500,
  "imageWidth": 335
}