{
  "version": "5.2.1",
  "flags": {},
  "shapes": [
    {
      "label": "cat_0",
      "points": [
        [
          74.87316561844865,
          22.851153039832308
        ],
        [
          200.6593291404612,
          134.59119496855348
        ]
      ],
      "group_id": null,
      "description": "",
      "shape_type": "rectangle",
      "flags": {}
    }
  ],
  "imagePath": "..\\cat_12_train_result\\cat_0_111.jpg",
  "imageData": null,
  "imageHeight": 300,
  "imageWidth": 277
}