{
  "version": "5.2.1",
  "flags": {},
  "shapes": [
    {
      "label": "cat_10",
      "points": [
        [
          171.77650429799425,
          53.8323782234957
        ],
        [
          322.2063037249284,
          179.04727793696276
        ]
      ],
      "group_id": null,
      "description": "",
      "shape_type": "rectangle",
      "flags": {}
    }
  ],
  "imagePath": "..\\cat_12_train_result\\cat_10_150.jpg",
  "imageData": null,
  "imageHeight": 375,
  "imageWidth": 500
}