{
  "version": "5.2.1",
  "flags": {},
  "shapes": [
    {
      "label": "cat_0",
      "points": [
        [
          230.23560209424085,
          95.22251308900523
        ],
        [
          390.18324607329845,
          233.96596858638742
        ]
      ],
      "group_id": null,
      "description": "",
      "shape_type": "rectangle",
      "flags": {}
    }
  ],
  "imagePath": "..\\cat_12_train_result\\cat_0_5.jpg",
  "imageData": null,
  "imageHeight": 375,
  "imageWidth": 500
}