{
  "version": "5.2.1",
  "flags": {},
  "shapes": [
    {
      "label": "cat_0",
      "points": [
        [
          177.22063037249282,
          4.89255014326649
        ],
        [
          400.4297994269341,
          196.86962750716333
        ]
      ],
      "group_id": null,
      "description": "",
      "shape_type": "rectangle",
      "flags": {}
    }
  ],
  "imagePath": "..\\cat_12_train_result\\cat_0_141.jpg",
  "imageData": null,
  "imageHeight": 335,
  "imageWidth": 500
}