{
  "version": "5.2.1",
  "flags": {},
  "shapes": [
    {
      "label": "cat_0",
      "points": [
        [
          68.47486033519554,
          32.26256983240223
        ],
        [
          213.16759776536315,
          174.16201117318434
        ]
      ],
      "group_id": null,
      "description": "",
      "shape_type": "rectangle",
      "flags": {}
    }
  ],
  "imagePath": "..\\cat_12_train_result\\cat_0_163.jpg",
  "imageData": null,
  "imageHeight": 400,
  "imageWidth": 266
}