{
  "version": "5.2.1",
  "flags": {},
  "shapes": [
    {
      "label": "cat_10",
      "points": [
        [
          107.99256505576207,
          51.3085501858736
        ],
        [
          176.20817843866172,
          113.94795539033457
        ]
      ],
      "group_id": null,
      "description": "",
      "shape_type": "rectangle",
      "flags": {}
    }
  ],
  "imagePath": "..\\cat_12_train_result\\cat_10_110.jpg",
  "imageData": null,
  "imageHeight": 266,
  "imageWidth": 200
}