{
  "version": "5.2.1",
  "flags": {},
  "shapes": [
    {
      "label": "cat_10",
      "points": [
        [
          176.93409742120343,
          124.03295128939828
        ],
        [
          272.63610315186247,
          219.4484240687679
        ]
      ],
      "group_id": null,
      "description": "",
      "shape_type": "rectangle",
      "flags": {}
    }
  ],
  "imagePath": "..\\cat_12_train_result\\cat_10_174.jpg",
  "imageData": null,
  "imageHeight": 375,
  "imageWidth": 500
}