{
  "version": "5.2.1",
  "flags": {},
  "shapes": [
    {
      "label": "cat_1",
      "points": [
        [
          119.05444126074498,
          38.06446991404012
        ],
        [
          260.88825214899714,
          169.29656160458453
        ]
      ],
      "group_id": null,
      "description": "",
      "shape_type": "rectangle",
      "flags": {}
    }
  ],
  "imagePath": "..\\cat_12_train_result\\cat_1_139.jpg",
  "imageData": null,
  "imageHeight": 281,
  "imageWidth": 500
}