{
  "version": "5.2.1",
  "flags": {},
  "shapes": [
    {
      "label": "cat_0",
      "points": [
        [
          146.2566844919786,
          14.906417112299465
        ],
        [
          386.3636363636363,
          251.00267379679144
        ]
      ],
      "group_id": null,
      "description": "",
      "shape_type": "rectangle",
      "flags": {}
    }
  ],
  "imagePath": "..\\cat_12_train_result\\cat_0_56.jpg",
  "imageData": null,
  "imageHeight": 375,
  "imageWidth": 500
}