{
  "version": "5.2.1",
  "flags": {},
  "shapes": [
    {
      "label": "cat_1",
      "points": [
        [
          74.64183381088826,
          35.494269340974206
        ],
        [
          243.98280802292263,
          176.75501432664757
        ]
      ],
      "group_id": null,
      "description": "",
      "shape_type": "rectangle",
      "flags": {}
    }
  ],
  "imagePath": "..\\cat_12_train_result\\cat_1_143.jpg",
  "imageData": null,
  "imageHeight": 375,
  "imageWidth": 500
}