{
  "version": "5.2.1",
  "flags": {},
  "shapes": [
    {
      "label": "cat_1",
      "points": [
        [
          138.48797250859107,
          2.1048109965635735
        ],
        [
          190.2061855670103,
          53.47938144329896
        ]
      ],
      "group_id": null,
      "description": "",
      "shape_type": "rectangle",
      "flags": {}
    }
  ],
  "imagePath": "..\\cat_12_train_result\\cat_1_58.jpg",
  "imageData": null,
  "imageHeight": 225,
  "imageWidth": 300
}