{
  "version": "5.2.1",
  "flags": {},
  "shapes": [
    {
      "label": "cat_1",
      "points": [
        [
          59.30769230769229,
          25.349650349650354
        ],
        [
          219.0979020979021,
          173.6013986013986
        ]
      ],
      "group_id": null,
      "description": "",
      "shape_type": "rectangle",
      "flags": {}
    }
  ],
  "imagePath": "..\\cat_12_train_result\\cat_1_2.jpg",
  "imageData": null,
  "imageHeight": 500,
  "imageWidth": 334
}