{
  "version": "5.2.1",
  "flags": {},
  "shapes": [
    {
      "label": "cat_1",
      "points": [
        [
          146.21993127147766,
          48.71134020618557
        ],
        [
          211.340206185567,
          103.00687285223367
        ]
      ],
      "group_id": null,
      "description": "",
      "shape_type": "rectangle",
      "flags": {}
    }
  ],
  "imagePath": "..\\cat_12_train_result\\cat_1_35.jpg",
  "imageData": null,
  "imageHeight": 200,
  "imageWidth": 300
}