{
  "version": "5.2.1",
  "flags": {},
  "shapes": [
    {
      "label": "cat_1",
      "points": [
        [
          115.73426573426573,
          40.03496503496503
        ],
        [
          356.64335664335664,
          248.0769230769231
        ]
      ],
      "group_id": null,
      "description": "",
      "shape_type": "rectangle",
      "flags": {}
    }
  ],
  "imagePath": "..\\cat_12_train_result\\cat_1_120.jpg",
  "imageData": null,
  "imageHeight": 500,
  "imageWidth": 500
}