{
  "version": "5.2.1",
  "flags": {},
  "shapes": [
    {
      "label": "cat_0",
      "points": [
        [
          275.6684491978609,
          27.342245989304807
        ],
        [
          429.9465240641711,
          178.14438502673795
        ]
      ],
      "group_id": null,
      "description": "",
      "shape_type": "rectangle",
      "flags": {}
    }
  ],
  "imagePath": "..\\cat_12_train_result\\cat_0_54.jpg",
  "imageData": null,
  "imageHeight": 348,
  "imageWidth": 500
}