{
  "version": "5.2.1",
  "flags": {},
  "shapes": [
    {
      "label": "cat_10",
      "points": [
        [
          54.29799426934097,
          29.190544412607444
        ],
        [
          370.63037249283667,
          306.55444126074497
        ]
      ],
      "group_id": null,
      "description": "",
      "shape_type": "rectangle",
      "flags": {}
    }
  ],
  "imagePath": "..\\cat_12_train_result\\cat_10_51.jpg",
  "imageData": null,
  "imageHeight": 375,
  "imageWidth": 500
}