{
  "version": "5.2.1",
  "flags": {},
  "shapes": [
    {
      "label": "cat_1",
      "points": [
        [
          22.22222222222223,
          60.16771488469603
        ],
        [
          170.23060796645703,
          181.13207547169813
        ]
      ],
      "group_id": null,
      "description": "",
      "shape_type": "rectangle",
      "flags": {}
    }
  ],
  "imagePath": "..\\cat_12_train_result\\cat_1_53.jpg",
  "imageData": null,
  "imageHeight": 300,
  "imageWidth": 200
}