{
  "version": "5.2.1",
  "flags": {},
  "shapes": [
    {
      "label": "cat_1",
      "points": [
        [
          323.06590257879657,
          90.22206303724928
        ],
        [
          413.6103151862464,
          187.0702005730659
        ]
      ],
      "group_id": null,
      "description": "",
      "shape_type": "rectangle",
      "flags": {}
    }
  ],
  "imagePath": "..\\cat_12_train_result\\cat_1_69.jpg",
  "imageData": null,
  "imageHeight": 375,
  "imageWidth": 500
}