{
  "version": "5.2.1",
  "flags": {},
  "shapes": [
    {
      "label": "cat_1",
      "points": [
        [
          72.16494845360825,
          6.443298969072163
        ],
        [
          248.45360824742266,
          169.67353951890033
        ]
      ],
      "group_id": null,
      "description": "",
      "shape_type": "rectangle",
      "flags": {}
    }
  ],
  "imagePath": "..\\cat_12_train_result\\cat_1_47.jpg",
  "imageData": null,
  "imageHeight": 200,
  "imageWidth": 300
}