{
  "version": "5.2.1",
  "flags": {},
  "shapes": [
    {
      "label": "cat_1",
      "points": [
        [
          334.8137535816619,
          28.330945558739252
        ],
        [
          481.2320916905444,
          186.2106017191977
        ]
      ],
      "group_id": null,
      "description": "",
      "shape_type": "rectangle",
      "flags": {}
    }
  ],
  "imagePath": "..\\cat_12_train_result\\cat_1_30.jpg",
  "imageData": null,
  "imageHeight": 375,
  "imageWidth": 500
}