{
  "version": "5.2.1",
  "flags": {},
  "shapes": [
    {
      "label": "cat_1",
      "points": [
        [
          217.52577319587627,
          26.453608247422686
        ],
        [
          297.2508591065292,
          116.48797250859107
        ]
      ],
      "group_id": null,
      "description": "",
      "shape_type": "rectangle",
      "flags": {}
    }
  ],
  "imagePath": "..\\cat_12_train_result\\cat_1_95.jpg",
  "imageData": null,
  "imageHeight": 206,
  "imageWidth": 300
}