{
  "version": "5.2.1",
  "flags": {},
  "shapes": [
    {
      "label": "cat_1",
      "points": [
        [
          80.94555873925502,
          29.76361031518624
        ],
        [
          238.25214899713464,
          167.29942693409743
        ]
      ],
      "group_id": null,
      "description": "",
      "shape_type": "rectangle",
      "flags": {}
    }
  ],
  "imagePath": "..\\cat_12_train_result\\cat_1_119.jpg",
  "imageData": null,
  "imageHeight": 375,
  "imageWidth": 500
}