{
  "version": "5.2.1",
  "flags": {},
  "shapes": [
    {
      "label": "cat_10",
      "points": [
        [
          130.8022922636103,
          95.66618911174785
        ],
        [
          338.82521489971344,
          304.54871060171916
        ]
      ],
      "group_id": null,
      "description": "",
      "shape_type": "rectangle",
      "flags": {}
    }
  ],
  "imagePath": "..\\cat_12_train_result\\cat_10_50.jpg",
  "imageData": null,
  "imageHeight": 375,
  "imageWidth": 500
}