{
  "version": "5.2.1",
  "flags": {},
  "shapes": [
    {
      "label": "cat_0",
      "points": [
        [
          28.051391862955033,
          26.042826552462525
        ],
        [
          206.85224839400428,
          205.48608137044968
        ]
      ],
      "group_id": null,
      "description": "",
      "shape_type": "rectangle",
      "flags": {}
    }
  ],
  "imagePath": "..\\cat_12_train_result\\cat_0_64.jpg",
  "imageData": null,
  "imageHeight": 272,
  "imageWidth": 400
}