{
  "version": "5.2.1",
  "flags": {},
  "shapes": [
    {
      "label": "cat_10",
      "points": [
        [
          12.162473794549292,
          4.612159329140484
        ],
        [
          229.56289308176102,
          256.8134171907757
        ]
      ],
      "group_id": null,
      "description": "",
      "shape_type": "rectangle",
      "flags": {}
    }
  ],
  "imagePath": "..\\cat_12_train_result\\cat_10_101.jpg",
  "imageData": null,
  "imageHeight": 300,
  "imageWidth": 239
}