{
  "version": "5.2.1",
  "flags": {},
  "shapes": [
    {
      "label": "cat_10",
      "points": [
        [
          64.32664756446991,
          77.90114613180515
        ],
        [
          234.81375358166187,
          295.093123209169
        ]
      ],
      "group_id": null,
      "description": "",
      "shape_type": "rectangle",
      "flags": {}
    }
  ],
  "imagePath": "..\\cat_12_train_result\\cat_10_162.jpg",
  "imageData": null,
  "imageHeight": 375,
  "imageWidth": 500
}