{
  "version": "5.2.1",
  "flags": {},
  "shapes": [
    {
      "label": "cat_1",
      "points": [
        [
          12.264150943396253,
          10.69182389937109
        ],
        [
          113.73165618448638,
          93.92033542976941
        ]
      ],
      "group_id": null,
      "description": "",
      "shape_type": "rectangle",
      "flags": {}
    }
  ],
  "imagePath": "..\\cat_12_train_result\\cat_1_32.jpg",
  "imageData": null,
  "imageHeight": 300,
  "imageWidth": 300
}