{
  "version": "5.2.1",
  "flags": {},
  "shapes": [
    {
      "label": "cat_10",
      "points": [
        [
          58.6083916083916,
          127.44755244755245
        ],
        [
          283.0839160839161,
          312.4125874125874
        ]
      ],
      "group_id": null,
      "description": "",
      "shape_type": "rectangle",
      "flags": {}
    }
  ],
  "imagePath": "..\\cat_12_train_result\\cat_10_22.jpg",
  "imageData": null,
  "imageHeight": 500,
  "imageWidth": 334
}