{
  "version": "5.2.1",
  "flags": {},
  "shapes": [
    {
      "label": "cat_10",
      "points": [
        [
          115.61604584527221,
          25.465616045845266
        ],
        [
          393.26647564469914,
          324.0329512893982
        ]
      ],
      "group_id": null,
      "description": "",
      "shape_type": "rectangle",
      "flags": {}
    }
  ],
  "imagePath": "..\\cat_12_train_result\\cat_10_45.jpg",
  "imageData": null,
  "imageHeight": 375,
  "imageWidth": 500
}