{
  "version": "5.2.1",
  "flags": {},
  "shapes": [
    {
      "label": "cat_1",
      "points": [
        [
          26.79083094555874,
          25.820916905444122
        ],
        [
          154.29799426934096,
          169.66045845272205
        ]
      ],
      "group_id": null,
      "description": "",
      "shape_type": "rectangle",
      "flags": {}
    }
  ],
  "imagePath": "..\\cat_12_train_result\\cat_1_129.jpg",
  "imageData": null,
  "imageHeight": 327,
  "imageWidth": 500
}