{
  "version": "5.2.1",
  "flags": {},
  "shapes": [
    {
      "label": "cat_1",
      "points": [
        [
          48.281786941580755,
          55.71305841924398
        ],
        [
          196.21993127147766,
          182.86082474226802
        ]
      ],
      "group_id": null,
      "description": "",
      "shape_type": "rectangle",
      "flags": {}
    }
  ],
  "imagePath": "..\\cat_12_train_result\\cat_1_67.jpg",
  "imageData": null,
  "imageHeight": 225,
  "imageWidth": 300
}