{
  "version": "5.2.1",
  "flags": {},
  "shapes": [
    {
      "label": "cat_0",
      "points": [
        [
          57.49063670411985,
          41.44569288389512
        ],
        [
          233.14606741573036,
          247.06367041198504
        ]
      ],
      "group_id": null,
      "description": "",
      "shape_type": "rectangle",
      "flags": {}
    }
  ],
  "imagePath": "..\\cat_12_train_result\\cat_0_33.jpg",
  "imageData": null,
  "imageHeight": 496,
  "imageWidth": 700
}