{
  "version": "5.2.1",
  "flags": {},
  "shapes": [
    {
      "label": "cat_10",
      "points": [
        [
          23.444055944055947,
          110.66433566433568
        ],
        [
          316.1013986013986,
          428.1468531468532
        ]
      ],
      "group_id": null,
      "description": "",
      "shape_type": "rectangle",
      "flags": {}
    }
  ],
  "imagePath": "..\\cat_12_train_result\\cat_10_121.jpg",
  "imageData": null,
  "imageHeight": 500,
  "imageWidth": 335
}