{
  "version": "5.2.1",
  "flags": {},
  "shapes": [
    {
      "label": "cat_1",
      "points": [
        [
          14.848484848484881,
          183.31818181818184
        ],
        [
          205.75757575757578,
          338.16666666666663
        ]
      ],
      "group_id": null,
      "description": "",
      "shape_type": "rectangle",
      "flags": {}
    }
  ],
  "imagePath": "..\\cat_12_train_result\\cat_1_11.jpg",
  "imageData": null,
  "imageHeight": 433,
  "imageWidth": 500
}