{
  "version": "5.2.1",
  "flags": {},
  "shapes": [
    {
      "label": "cat_0",
      "points": [
        [
          86.20440251572327,
          9.224318658280945
        ],
        [
          203.18553459119494,
          116.77148846960169
        ]
      ],
      "group_id": null,
      "description": "",
      "shape_type": "rectangle",
      "flags": {}
    }
  ],
  "imagePath": "..\\cat_12_train_result\\cat_0_102.jpg",
  "imageData": null,
  "imageHeight": 300,
  "imageWidth": 207
}