{
  "version": "5.2.1",
  "flags": {},
  "shapes": [
    {
      "label": "cat_0",
      "points": [
        [
          362.0320855614973,
          40.8957219251337
        ],
        [
          472.4598930481283,
          152.39304812834226
        ]
      ],
      "group_id": null,
      "description": "",
      "shape_type": "rectangle",
      "flags": {}
    }
  ],
  "imagePath": "..\\cat_12_train_result\\cat_0_58.jpg",
  "imageData": null,
  "imageHeight": 335,
  "imageWidth": 500
}