{
  "version": "5.2.1",
  "flags": {},
  "shapes": [
    {
      "label": "cat_1",
      "points": [
        [
          238.25214899713464,
          63.49140401146132
        ],
        [
          331.6618911174785,
          142.86103151862463
        ]
      ],
      "group_id": null,
      "description": "",
      "shape_type": "rectangle",
      "flags": {}
    }
  ],
  "imagePath": "..\\cat_12_train_result\\cat_1_137.jpg",
  "imageData": null,
  "imageHeight": 333,
  "imageWidth": 500
}