{
  "version": "5.2.1",
  "flags": {},
  "shapes": [
    {
      "label": "cat_10",
      "points": [
        [
          181.2320916905444,
          34.8381088825215
        ],
        [
          462.0343839541547,
          236.84383954154728
        ]
      ],
      "group_id": null,
      "description": "",
      "shape_type": "rectangle",
      "flags": {}
    }
  ],
  "imagePath": "..\\cat_12_train_result\\cat_10_36.jpg",
  "imageData": null,
  "imageHeight": 333,
  "imageWidth": 500
}