{
  "version": "5.2.1",
  "flags": {},
  "shapes": [
    {
      "label": "cat_1",
      "points": [
        [
          340.12738853503186,
          88.80573248407644
        ],
        [
          493.31210191082806,
          253.13694267515922
        ]
      ],
      "group_id": null,
      "description": "",
      "shape_type": "rectangle",
      "flags": {}
    }
  ],
  "imagePath": "..\\cat_12_train_result\\cat_1_1.jpg",
  "imageData": null,
  "imageHeight": 455,
  "imageWidth": 500
}