{
  "version": "5.2.1",
  "flags": {},
  "shapes": [
    {
      "label": "cat_1",
      "points": [
        [
          61.625874125874134,
          66.95804195804196
        ],
        [
          337.5,
          318.7062937062937
        ]
      ],
      "group_id": null,
      "description": "",
      "shape_type": "rectangle",
      "flags": {}
    }
  ],
  "imagePath": "..\\cat_12_train_result\\cat_1_130.jpg",
  "imageData": null,
  "imageHeight": 500,
  "imageWidth": 375
}