{
  "version": "5.2.1",
  "flags": {},
  "shapes": [
    {
      "label": "cat_10",
      "points": [
        [
          280.08595988538684,
          13.634670487106028
        ],
        [
          496.4183381088825,
          225.09598853868195
        ]
      ],
      "group_id": null,
      "description": "",
      "shape_type": "rectangle",
      "flags": {}
    }
  ],
  "imagePath": "..\\cat_12_train_result\\cat_10_37.jpg",
  "imageData": null,
  "imageHeight": 333,
  "imageWidth": 500
}