{
  "version": "5.2.1",
  "flags": {},
  "shapes": [
    {
      "label": "cat_0",
      "points": [
        [
          125.5952380952381,
          28.401360544217688
        ],
        [
          263.8605442176871,
          162.24489795918367
        ]
      ],
      "group_id": null,
      "description": "",
      "shape_type": "rectangle",
      "flags": {}
    }
  ],
  "imagePath": "..\\cat_12_train_result\\cat_0_85.jpg",
  "imageData": null,
  "imageHeight": 225,
  "imageWidth": 300
}