{
  "version": "5.2.1",
  "flags": {},
  "shapes": [
    {
      "label": "cat_0",
      "points": [
        [
          156.0374149659864,
          77.73129251700679
        ],
        [
          272.5340136054422,
          191.16666666666666
        ]
      ],
      "group_id": null,
      "description": "",
      "shape_type": "rectangle",
      "flags": {}
    }
  ],
  "imagePath": "..\\cat_12_train_result\\cat_0_83.jpg",
  "imageData": null,
  "imageHeight": 224,
  "imageWidth": 300
}