{
  "version": "5.2.1",
  "flags": {},
  "shapes": [
    {
      "label": "cat_0",
      "points": [
        [
          168.61888111888112,
          40.73426573426573
        ],
        [
          301.486013986014,
          162.7622377622378
        ]
      ],
      "group_id": null,
      "description": "",
      "shape_type": "rectangle",
      "flags": {}
    }
  ],
  "imagePath": "..\\cat_12_train_result\\cat_0_176.jpg",
  "imageData": null,
  "imageHeight": 500,
  "imageWidth": 375
}