{
  "version": "5.2.1",
  "flags": {},
  "shapes": [
    {
      "label": "cat_1",
      "points": [
        [
          27.83505154639175,
          12.585910652920962
        ],
        [
          229.20962199312714,
          168.08419243986253
        ]
      ],
      "group_id": null,
      "description": "",
      "shape_type": "rectangle",
      "flags": {}
    }
  ],
  "imagePath": "..\\cat_12_train_result\\cat_1_38.jpg",
  "imageData": null,
  "imageHeight": 225,
  "imageWidth": 300
}