{
  "version": "5.2.1",
  "flags": {},
  "shapes": [
    {
      "label": "cat_1",
      "points": [
        [
          260.88825214899714,
          57.916905444126066
        ],
        [
          428.51002865329514,
          188.2893982808023
        ]
      ],
      "group_id": null,
      "description": "",
      "shape_type": "rectangle",
      "flags": {}
    }
  ],
  "imagePath": "..\\cat_12_train_result\\cat_1_136.jpg",
  "imageData": null,
  "imageHeight": 374,
  "imageWidth": 500
}