{
  "version": "5.2.1",
  "flags": {},
  "shapes": [
    {
      "label": "cat_1",
      "points": [
        [
          127.49140893470789,
          60.52405498281787
        ],
        [
          196.73539518900344,
          125.98797250859107
        ]
      ],
      "group_id": null,
      "description": "",
      "shape_type": "rectangle",
      "flags": {}
    }
  ],
  "imagePath": "..\\cat_12_train_result\\cat_1_44.jpg",
  "imageData": null,
  "imageHeight": 225,
  "imageWidth": 300
}