{
  "version": "5.2.1",
  "flags": {},
  "shapes": [
    {
      "label": "cat_1",
      "points": [
        [
          222.77936962750715,
          38.93409742120344
        ],
        [
          407.0200573065903,
          182.48710601719196
        ]
      ],
      "group_id": null,
      "description": "",
      "shape_type": "rectangle",
      "flags": {}
    }
  ],
  "imagePath": "..\\cat_12_train_result\\cat_1_118.jpg",
  "imageData": null,
  "imageHeight": 324,
  "imageWidth": 500
}