{
  "version": "5.2.1",
  "flags": {},
  "shapes": [
    {
      "label": "cat_1",
      "points": [
        [
          196.7048710601719,
          53.46275071633239
        ],
        [
          343.98280802292265,
          184.9813753581662
        ]
      ],
      "group_id": null,
      "description": "",
      "shape_type": "rectangle",
      "flags": {}
    }
  ],
  "imagePath": "..\\cat_12_train_result\\cat_1_79.jpg",
  "imageData": null,
  "imageHeight": 333,
  "imageWidth": 500
}