{
  "version": "5.2.1",
  "flags": {},
  "shapes": [
    {
      "label": "cat_10",
      "points": [
        [
          69.19770773638969,
          52.68624641833811
        ],
        [
          395.8452722063037,
          319.1618911174785
        ]
      ],
      "group_id": null,
      "description": "",
      "shape_type": "rectangle",
      "flags": {}
    }
  ],
  "imagePath": "..\\cat_12_train_result\\cat_10_49.jpg",
  "imageData": null,
  "imageHeight": 375,
  "imageWidth": 500
}