{
  "version": "5.2.1",
  "flags": {},
  "shapes": [
    {
      "label": "cat_1",
      "points": [
        [
          171.48997134670486,
          85.62034383954156
        ],
        [
          406.73352435530086,
          265.8495702005731
        ]
      ],
      "group_id": null,
      "description": "",
      "shape_type": "rectangle",
      "flags": {}
    }
  ],
  "imagePath": "..\\cat_12_train_result\\cat_1_158.jpg",
  "imageData": null,
  "imageHeight": 387,
  "imageWidth": 500
}