{
  "version": "5.2.1",
  "flags": {},
  "shapes": [
    {
      "label": "cat_1",
      "points": [
        [
          7.306590257879655,
          52.679083094555864
        ],
        [
          166.33237822349568,
          168.15186246418338
        ]
      ],
      "group_id": null,
      "description": "",
      "shape_type": "rectangle",
      "flags": {}
    }
  ],
  "imagePath": "..\\cat_12_train_result\\cat_1_16.jpg",
  "imageData": null,
  "imageHeight": 230,
  "imageWidth": 500
}