{
  "version": "5.2.1",
  "flags": {},
  "shapes": [
    {
      "label": "cat_1",
      "points": [
        [
          207.02005730659025,
          117.4426934097421
        ],
        [
          313.6103151862464,
          199.67765042979943
        ]
      ],
      "group_id": null,
      "description": "",
      "shape_type": "rectangle",
      "flags": {}
    }
  ],
  "imagePath": "..\\cat_12_train_result\\cat_1_104.jpg",
  "imageData": null,
  "imageHeight": 375,
  "imageWidth": 500
}