{
  "version": "5.2.1",
  "flags": {},
  "shapes": [
    {
      "label": "cat_1",
      "points": [
        [
          33.49056603773587,
          64.15094339622642
        ],
        [
          147.1174004192872,
          169.39203354297695
        ]
      ],
      "group_id": null,
      "description": "",
      "shape_type": "rectangle",
      "flags": {}
    }
  ],
  "imagePath": "..\\cat_12_train_result\\cat_1_81.jpg",
  "imageData": null,
  "imageHeight": 300,
  "imageWidth": 350
}