{
  "version": "5.2.1",
  "flags": {},
  "shapes": [
    {
      "label": "cat_1",
      "points": [
        [
          23.638968481375358,
          12.017191977077381
        ],
        [
          192.6934097421203,
          153.5644699140401
        ]
      ],
      "group_id": null,
      "description": "",
      "shape_type": "rectangle",
      "flags": {}
    }
  ],
  "imagePath": "..\\cat_12_train_result\\cat_1_149.jpg",
  "imageData": null,
  "imageHeight": 312,
  "imageWidth": 500
}