{
  "version": "5.2.1",
  "flags": {},
  "shapes": [
    {
      "label": "cat_10",
      "points": [
        [
          69.27374301675977,
          169.67039106145253
        ],
        [
          500.5586592178771,
          532.7988826815642
        ]
      ],
      "group_id": null,
      "description": "",
      "shape_type": "rectangle",
      "flags": {}
    }
  ],
  "imagePath": "..\\cat_12_train_result\\cat_10_169.jpg",
  "imageData": null,
  "imageHeight": 798,
  "imageWidth": 600
}