{
  "version": "5.2.1",
  "flags": {},
  "shapes": [
    {
      "label": "cat_1",
      "points": [
        [
          40.257879656160455,
          47.24785100286535
        ],
        [
          163.4670487106017,
          172.7492836676218
        ]
      ],
      "group_id": null,
      "description": "",
      "shape_type": "rectangle",
      "flags": {}
    }
  ],
  "imagePath": "..\\cat_12_train_result\\cat_1_24.jpg",
  "imageData": null,
  "imageHeight": 371,
  "imageWidth": 500
}