{
  "version": "5.2.1",
  "flags": {},
  "shapes": [
    {
      "label": "cat_1",
      "points": [
        [
          206.44699140401144,
          63.00143266475644
        ],
        [
          371.7765042979943,
          197.09885386819482
        ]
      ],
      "group_id": null,
      "description": "",
      "shape_type": "rectangle",
      "flags": {}
    }
  ],
  "imagePath": "..\\cat_12_train_result\\cat_1_166.jpg",
  "imageData": null,
  "imageHeight": 375,
  "imageWidth": 500
}