{
  "version": "5.2.1",
  "flags": {},
  "shapes": [
    {
      "label": "cat_10",
      "points": [
        [
          295.5587392550143,
          48.59169054441262
        ],
        [
          478.3667621776504,
          243.72063037249282
        ]
      ],
      "group_id": null,
      "description": "",
      "shape_type": "rectangle",
      "flags": {}
    }
  ],
  "imagePath": "..\\cat_12_train_result\\cat_10_142.jpg",
  "imageData": null,
  "imageHeight": 333,
  "imageWidth": 500
}