{
  "version": "5.2.1",
  "flags": {},
  "shapes": [
    {
      "label": "cat_1",
      "points": [
        [
          249.38558352402748,
          17.483981693363837
        ],
        [
          392.8638443935927,
          165.99656750572083
        ]
      ],
      "group_id": null,
      "description": "",
      "shape_type": "rectangle",
      "flags": {}
    }
  ],
  "imagePath": "..\\cat_12_train_result\\cat_1_94.jpg",
  "imageData": null,
  "imageHeight": 313,
  "imageWidth": 399
}