{
  "version": "5.2.1",
  "flags": {},
  "shapes": [
    {
      "label": "cat_0",
      "points": [
        [
          278.60962566844916,
          73.99732620320854
        ],
        [
          463.903743315508,
          223.99732620320856
        ]
      ],
      "group_id": null,
      "description": "",
      "shape_type": "rectangle",
      "flags": {}
    }
  ],
  "imagePath": "..\\cat_12_train_result\\cat_0_46.jpg",
  "imageData": null,
  "imageHeight": 375,
  "imageWidth": 500
}