{
  "version": "5.2.1",
  "flags": {},
  "shapes": [
    {
      "label": "cat_0",
      "points": [
        [
          42.1003717472119,
          23.985130111524157
        ],
        [
          132.24907063197026,
          103.72490706319702
        ]
      ],
      "group_id": null,
      "description": "",
      "shape_type": "rectangle",
      "flags": {}
    }
  ],
  "imagePath": "..\\cat_12_train_result\\cat_0_149.jpg",
  "imageData": null,
  "imageHeight": 266,
  "imageWidth": 250
}