{
  "version": "5.2.1",
  "flags": {},
  "shapes": [
    {
      "label": "cat_1",
      "points": [
        [
          51.49371069182389,
          27.88259958071281
        ],
        [
          176.8605870020964,
          142.9769392033543
        ]
      ],
      "group_id": null,
      "description": "",
      "shape_type": "rectangle",
      "flags": {}
    }
  ],
  "imagePath": "..\\cat_12_train_result\\cat_1_65.jpg",
  "imageData": null,
  "imageHeight": 300,
  "imageWidth": 225
}