{
  "version": "5.2.1",
  "flags": {},
  "shapes": [
    {
      "label": "cat_1",
      "points": [
        [
          67.1919770773639,
          2.9770773638968464
        ],
        [
          237.96561604584525,
          173.46418338108882
        ]
      ],
      "group_id": null,
      "description": "",
      "shape_type": "rectangle",
      "flags": {}
    }
  ],
  "imagePath": "..\\cat_12_train_result\\cat_1_173.jpg",
  "imageData": null,
  "imageHeight": 322,
  "imageWidth": 500
}