{
  "version": "5.2.1",
  "flags": {},
  "shapes": [
    {
      "label": "cat_0",
      "points": [
        [
          194.59790209790208,
          158.21678321678323
        ],
        [
          323.6188811188811,
          294.2307692307692
        ]
      ],
      "group_id": null,
      "description": "",
      "shape_type": "rectangle",
      "flags": {}
    }
  ],
  "imagePath": "..\\cat_12_train_result\\cat_0_117.jpg",
  "imageData": null,
  "imageHeight": 500,
  "imageWidth": 335
}