{
  "version": "5.2.1",
  "flags": {},
  "shapes": [
    {
      "label": "cat_0",
      "points": [
        [
          237.96791443850265,
          53.264705882352956
        ],
        [
          395.9893048128342,
          198.18449197860963
        ]
      ],
      "group_id": null,
      "description": "",
      "shape_type": "rectangle",
      "flags": {}
    }
  ],
  "imagePath": "..\\cat_12_train_result\\cat_0_37.jpg",
  "imageData": null,
  "imageHeight": 333,
  "imageWidth": 500
}