{
  "version": "5.2.1",
  "flags": {},
  "shapes": [
    {
      "label": "cat_10",
      "points": [
        [
          72.06303724928367,
          46.01289398280803
        ],
        [
          267.1919770773639,
          241.42836676217766
        ]
      ],
      "group_id": null,
      "description": "",
      "shape_type": "rectangle",
      "flags": {}
    }
  ],
  "imagePath": "..\\cat_12_train_result\\cat_10_131.jpg",
  "imageData": null,
  "imageHeight": 333,
  "imageWidth": 500
}