{
  "version": "5.2.1",
  "flags": {},
  "shapes": [
    {
      "label": "cat_10",
      "points": [
        [
          54.97202797202797,
          56.46853146853147
        ],
        [
          302.87412587412587,
          224.3006993006993
        ]
      ],
      "group_id": null,
      "description": "",
      "shape_type": "rectangle",
      "flags": {}
    }
  ],
  "imagePath": "..\\cat_12_train_result\\cat_10_58.jpg",
  "imageData": null,
  "imageHeight": 500,
  "imageWidth": 354
}