{
  "version": "5.2.1",
  "flags": {},
  "shapes": [
    {
      "label": "cat_10",
      "points": [
        [
          154.87106017191977,
          36.9269340974212
        ],
        [
          458.30945558739256,
          332.0558739255014
        ]
      ],
      "group_id": null,
      "description": "",
      "shape_type": "rectangle",
      "flags": {}
    }
  ],
  "imagePath": "..\\cat_12_train_result\\cat_10_127.jpg",
  "imageData": null,
  "imageHeight": 375,
  "imageWidth": 500
}