{
  "version": "5.2.1",
  "flags": {},
  "shapes": [
    {
      "label": "cat_0",
      "points": [
        [
          193.31550802139037,
          15.462566844919797
        ],
        [
          422.4598930481283,
          196.74598930481284
        ]
      ],
      "group_id": null,
      "description": "",
      "shape_type": "rectangle",
      "flags": {}
    }
  ],
  "imagePath": "..\\cat_12_train_result\\cat_0_25.jpg",
  "imageData": null,
  "imageHeight": 359,
  "imageWidth": 500
}