{
  "version": "5.2.1",
  "flags": {},
  "shapes": [
    {
      "label": "cat_10",
      "points": [
        [
          185.61538461538464,
          25.000000000000004
        ],
        [
          373.72727272727275,
          180.94405594405595
        ]
      ],
      "group_id": null,
      "description": "",
      "shape_type": "rectangle",
      "flags": {}
    }
  ],
  "imagePath": "..\\cat_12_train_result\\cat_10_159.jpg",
  "imageData": null,
  "imageHeight": 500,
  "imageWidth": 402
}