{
  "version": "5.2.1",
  "flags": {},
  "shapes": [
    {
      "label": "cat_0",
      "points": [
        [
          209.06515580736541,
          17.95325779036827
        ],
        [
          443.62606232294615,
          240.3328611898017
        ]
      ],
      "group_id": null,
      "description": "",
      "shape_type": "rectangle",
      "flags": {}
    }
  ],
  "imagePath": "..\\cat_12_train_result\\cat_0_78.jpg",
  "imageData": null,
  "imageHeight": 375,
  "imageWidth": 500
}