{
  "version": "5.2.1",
  "flags": {},
  "shapes": [
    {
      "label": "cat_1",
      "points": [
        [
          72.31865828092243,
          18.029350104821827
        ],
        [
          266.2389937106918,
          204.40251572327045
        ]
      ],
      "group_id": null,
      "description": "",
      "shape_type": "rectangle",
      "flags": {}
    }
  ],
  "imagePath": "..\\cat_12_train_result\\cat_1_60.jpg",
  "imageData": null,
  "imageHeight": 300,
  "imageWidth": 296
}