{
  "version": "5.2.1",
  "flags": {},
  "shapes": [
    {
      "label": "cat_10",
      "points": [
        [
          7.4090909090909065,
          21.503496503496507
        ],
        [
          325.5909090909091,
          386.1888111888112
        ]
      ],
      "group_id": null,
      "description": "",
      "shape_type": "rectangle",
      "flags": {}
    }
  ],
  "imagePath": "..\\cat_12_train_result\\cat_10_15.jpg",
  "imageData": null,
  "imageHeight": 500,
  "imageWidth": 333
}