{
  "version": "5.2.1",
  "flags": {},
  "shapes": [
    {
      "label": "cat_1",
      "points": [
        [
          132.2349570200573,
          23.09025787965617
        ],
        [
          331.37535816618913,
          221.37106017191977
        ]
      ],
      "group_id": null,
      "description": "",
      "shape_type": "rectangle",
      "flags": {}
    }
  ],
  "imagePath": "..\\cat_12_train_result\\cat_1_140.jpg",
  "imageData": null,
  "imageHeight": 333,
  "imageWidth": 500
}