{
  "version": "5.2.1",
  "flags": {},
  "shapes": [
    {
      "label": "cat_1",
      "points": [
        [
          161.95454545454544,
          216.95804195804197
        ],
        [
          229.43706293706293,
          269.75524475524475
        ]
      ],
      "group_id": null,
      "description": "",
      "shape_type": "rectangle",
      "flags": {}
    }
  ],
  "imagePath": "..\\cat_12_train_result\\cat_1_110.jpg",
  "imageData": null,
  "imageHeight": 500,
  "imageWidth": 333
}