{
  "version": "5.2.1",
  "flags": {},
  "shapes": [
    {
      "label": "cat_0",
      "points": [
        [
          72.7937062937063,
          78.49650349650351
        ],
        [
          275.94055944055947,
          243.8811188811189
        ]
      ],
      "group_id": null,
      "description": "",
      "shape_type": "rectangle",
      "flags": {}
    }
  ],
  "imagePath": "..\\cat_12_train_result\\cat_0_30.jpg",
  "imageData": null,
  "imageHeight": 500,
  "imageWidth": 333
}