{
  "version": "5.2.1",
  "flags": {},
  "shapes": [
    {
      "label": "cat_10",
      "points": [
        [
          13.723776223776213,
          27.7972027972028
        ],
        [
          357.77972027972027,
          366.958041958042
        ]
      ],
      "group_id": null,
      "description": "",
      "shape_type": "rectangle",
      "flags": {}
    }
  ],
  "imagePath": "..\\cat_12_train_result\\cat_10_119.jpg",
  "imageData": null,
  "imageHeight": 500,
  "imageWidth": 375
}