{
  "version": "5.2.1",
  "flags": {},
  "shapes": [
    {
      "label": "cat_0",
      "points": [
        [
          81.06709956709956,
          30.43290043290044
        ],
        [
          245.35281385281382,
          189.0909090909091
        ]
      ],
      "group_id": null,
      "description": "",
      "shape_type": "rectangle",
      "flags": {}
    }
  ],
  "imagePath": "..\\cat_12_train_result\\cat_0_63.jpg",
  "imageData": null,
  "imageHeight": 310,
  "imageWidth": 313
}