{
  "version": "5.2.1",
  "flags": {},
  "shapes": [
    {
      "label": "cat_10",
      "points": [
        [
          144.269340974212,
          40.078796561604584
        ],
        [
          351.1461318051576,
          232.05587392550143
        ]
      ],
      "group_id": null,
      "description": "",
      "shape_type": "rectangle",
      "flags": {}
    }
  ],
  "imagePath": "..\\cat_12_train_result\\cat_10_41.jpg",
  "imageData": null,
  "imageHeight": 375,
  "imageWidth": 500
}