{
  "version": "5.2.1",
  "flags": {},
  "shapes": [
    {
      "label": "cat_0",
      "points": [
        [
          50.57306590257879,
          48.15759312320918
        ],
        [
          299.5702005730659,
          272.51289398280807
        ]
      ],
      "group_id": null,
      "description": "",
      "shape_type": "rectangle",
      "flags": {}
    }
  ],
  "imagePath": "..\\cat_12_train_result\\cat_0_177.jpg",
  "imageData": null,
  "imageHeight": 386,
  "imageWidth": 500
}