{
  "version": "5.2.1",
  "flags": {},
  "shapes": [
    {
      "label": "cat_10",
      "points": [
        [
          141.40401146131802,
          36.197707736389695
        ],
        [
          356.30372492836676,
          221.01146131805157
        ]
      ],
      "group_id": null,
      "description": "",
      "shape_type": "rectangle",
      "flags": {}
    }
  ],
  "imagePath": "..\\cat_12_train_result\\cat_10_166.jpg",
  "imageData": null,
  "imageHeight": 334,
  "imageWidth": 500
}