{
  "version": "5.2.1",
  "flags": {},
  "shapes": [
    {
      "label": "cat_0",
      "points": [
        [
          113.37412587412587,
          2.6223776223776225
        ],
        [
          374.0,
          269.5283932934536
        ]
      ],
      "group_id": null,
      "description": "",
      "shape_type": "rectangle",
      "flags": {}
    }
  ],
  "imagePath": "..\\cat_12_train_result\\cat_0_174.jpg",
  "imageData": null,
  "imageHeight": 500,
  "imageWidth": 375
}