{
  "version": "5.2.1",
  "flags": {},
  "shapes": [
    {
      "label": "cat_1",
      "points": [
        [
          341.4040114613181,
          56.90114613180517
        ],
        [
          498.7106017191977,
          207.90401146131805
        ]
      ],
      "group_id": null,
      "description": "",
      "shape_type": "rectangle",
      "flags": {}
    }
  ],
  "imagePath": "..\\cat_12_train_result\\cat_1_133.jpg",
  "imageData": null,
  "imageHeight": 333,
  "imageWidth": 500
}