{
  "version": "5.2.1",
  "flags": {},
  "shapes": [
    {
      "label": "cat_0",
      "points": [
        [
          25.522012578616355,
          8.805031446540903
        ],
        [
          156.54926624737942,
          127.46331236897275
        ]
      ],
      "group_id": null,
      "description": "",
      "shape_type": "rectangle",
      "flags": {}
    }
  ],
  "imagePath": "..\\cat_12_train_result\\cat_0_98.jpg",
  "imageData": null,
  "imageHeight": 300,
  "imageWidth": 224
}