{
  "version": "5.2.1",
  "flags": {},
  "shapes": [
    {
      "label": "cat_0",
      "points": [
        [
          75.00000000000001,
          40.94036697247706
        ],
        [
          226.3761467889908,
          163.1880733944954
        ]
      ],
      "group_id": null,
      "description": "",
      "shape_type": "rectangle",
      "flags": {}
    }
  ],
  "imagePath": "..\\cat_12_train_result\\cat_0_158.jpg",
  "imageData": null,
  "imageHeight": 300,
  "imageWidth": 400
}