{
  "version": "5.2.1",
  "flags": {},
  "shapes": [
    {
      "label": "cat_0",
      "points": [
        [
          68.8385269121813,
          50.6643059490085
        ],
        [
          226.91218130311614,
          198.5396600566572
        ]
      ],
      "group_id": null,
      "description": "",
      "shape_type": "rectangle",
      "flags": {}
    }
  ],
  "imagePath": "..\\cat_12_train_result\\cat_0_103.jpg",
  "imageData": null,
  "imageHeight": 373,
  "imageWidth": 500
}