{
  "version": "5.2.1",
  "flags": {},
  "shapes": [
    {
      "label": "cat_1",
      "points": [
        [
          85.99300699300699,
          104.02097902097903
        ],
        [
          300.6783216783217,
          306.46853146853147
        ]
      ],
      "group_id": null,
      "description": "",
      "shape_type": "rectangle",
      "flags": {}
    }
  ],
  "imagePath": "..\\cat_12_train_result\\cat_1_154.jpg",
  "imageData": null,
  "imageHeight": 500,
  "imageWidth": 358
}