{
  "version": "5.2.1",
  "flags": {},
  "shapes": [
    {
      "label": "cat_0",
      "points": [
        [
          18.008385744234815,
          15.303983228511552
        ],
        [
          137.71488469601678,
          105.45073375262055
        ]
      ],
      "group_id": null,
      "description": "",
      "shape_type": "rectangle",
      "flags": {}
    }
  ],
  "imagePath": "..\\cat_12_train_result\\cat_0_93.jpg",
  "imageData": null,
  "imageHeight": 300,
  "imageWidth": 240
}